cellType	expression	sampleid	genotype
B_intermediate			
B_memory			
B_naive			
CD14_Mono	-0.00267947030854176	693_694	CC
CD14_Mono	-0.00573721055194151	689_690	CC
CD14_Mono	-0.0028662751498936	682_683	CC
CD14_Mono	-0.00288667405201597	684_685	TT
CD14_Mono	-0.00159193627892119	687_688	CT
CD14_Mono	-0.00402526426268564	692_693	CT
CD14_Mono	-0.00368666854130242	691_692	CC
CD14_Mono	-0.00381191525978592	690_691	CT
CD14_Mono	-0.00368284811741905	688_689	CC
CD14_Mono	-0.00518073458547266	685_686	CT
CD14_Mono	-0.00313657381823155	686_687	CT
CD14_Mono	-0.00380637135392579	683_684	CC
CD14_Mono	-0.00346501680706574	842_843	CC
CD14_Mono	-0.00313397054141032	843_844	CC
CD14_Mono	-0.00171875507537115	832_833	CC
CD14_Mono	-0.00241619571155774	829_830	CC
CD14_Mono	-0.00227817975575723	826_827	CT
CD14_Mono	-0.00242551827955214	823_824	CC
CD14_Mono	-0.00261912294808372	825_826	CT
CD14_Mono	-0.004181966964878	827_828	CC
CD14_Mono	-0.00443195712627611	824_825	CC
CD14_Mono	-0.00229751628664035	830_831	CT
CD14_Mono	-0.00299803139980353	831_832	CC
CD14_Mono	0.000902285388597596	846_847	CT
CD14_Mono	-0.00255914121467807	850_851	CT
CD14_Mono	-0.00147459611527754	847_848	CC
CD14_Mono	-0.00267633399552089	849_850	CC
CD14_Mono	-0.00403158513285422	834_835	CC
CD14_Mono	-0.00376373017874439	997_998	CC
CD14_Mono	0.00112330127409776	845_846	CC
CD14_Mono	-0.00365173084339927	836_837	CC
CD14_Mono	-0.00368819428427556	835_836	CC
CD14_Mono	0.000279685393843471	848_849	CT
CD14_Mono	-0.00314499354510897	989_990	CC
CD14_Mono	-0.00254927376576737	851_852	CT
CD14_Mono	-0.00333971815533833	811_812	CC
CD14_Mono	-0.00373657802553344	991_992	CC
CD14_Mono	-0.00234314117560167	995_996	CC
CD14_Mono	0.0184110758055991	986_987	CC
CD14_Mono	-0.00226968499165126	993_994	CC
CD14_Mono	-0.00177401068367113	810_811	CC
CD14_Mono	0.114298541188975	812_813	CT
CD14_Mono	-0.00298255150557497	994_995	CT
CD14_Mono	-0.00309142745503348	852_853	CC
CD14_Mono	-0.0051086874367444	996_997	CC
CD14_Mono	-0.00523439819008817	992_993	CT
CD14_Mono	-0.00201228040805119	998_999	CT
CD14_Mono	0.0103204727271448	853_854	CC
CD14_Mono	-0.00312330389931034	1002_1003	CC
CD14_Mono	-0.00271602841194743	856_857	CC
CD14_Mono	-0.00379697347554669	988_989	CC
CD14_Mono	-0.0020609215721844	987_988	CC
CD14_Mono	-0.00431889356628408	859_860	CC
CD14_Mono	-0.00199454965376377	1000_1001	CT
CD14_Mono	-0.00419218047783264	855_856	CT
CD14_Mono	-0.00326169840244797	857_858	CT
CD14_Mono	-0.00463209444902299	1001_1002	CC
CD14_Mono	-0.00279916406832414	854_855	CT
CD14_Mono	-0.00481471951241406	1004_1005	CT
CD14_Mono	-0.00330567571086759	1003_1004	CC
CD14_Mono	-0.002642327021789	858_859	CC
CD14_Mono	-0.00290440375866412	802_803	CC
CD14_Mono	-0.00301710037086082	1006_1007	CC
CD14_Mono	-0.00181851475874935	890_891	CC
CD14_Mono	-0.00410106217182963	804_805	CT
CD14_Mono	-0.00196398646508269	861_862	CC
CD14_Mono	0.0140988609864332	862_863	CT
CD14_Mono	-0.00121853424863026	864_865	CC
CD14_Mono	-0.00488754193725242	803_804	CC
CD14_Mono	-0.00392225191763096	863_864	CC
CD14_Mono	-0.00219609011084808	1007_1008	CC
CD14_Mono	-0.000904250222593836	1005_1006	CT
CD14_Mono	-6.14779085909771e-05	891_892	CT
CD14_Mono	-0.00250620083553682	860_861	CC
CD14_Mono	-0.00336280736911329	893_894	CC
CD14_Mono	-0.00403558643003645	1008_1009	CT
CD14_Mono	-0.00153775711336195	892_893	CC
CD14_Mono	0.00587335506467276	809_810	CC
CD14_Mono	0.000229930046762375	1012_1013	CC
CD14_Mono	-0.00188462039312858	1014_1015	CT
CD14_Mono	-0.000441983089039022	807_808	CT
CD14_Mono	-0.00277980192098843	808_809	CT
CD14_Mono	-0.00170824477645559	1009_1010	CC
CD14_Mono	-0.00190560839265618	806_807	CC
CD14_Mono	-0.00375144704218659	1010_1011	CC
CD14_Mono	-0.00109724344363963	805_806	CC
CD14_Mono	-0.00129488182093839	1011_1012	CT
CD14_Mono	-0.00478925200208469	1016_1017	CC
CD14_Mono	-0.0017814199654494	899_900	CC
CD14_Mono	-0.00128355803417326	1020_1021	CC
CD14_Mono	-0.00139921558404468	1015_1016	CT
CD14_Mono	-0.00443547516833048	901_902	CC
CD14_Mono	-0.00216530848438657	900_901	CC
CD14_Mono	-0.0035552203816103	898_899	CT
CD14_Mono	-0.00315005700058829	1018_1019	CT
CD14_Mono	-0.00316650238121167	1019_1020	CC
CD14_Mono	-0.00206379803570059	1021_1022	CC
CD14_Mono	-0.00270538065035658	1023_1024	CT
CD14_Mono	-0.00107258004718664	896_897	CC
CD14_Mono	-0.00297733420224278	1022_1023	CT
CD14_Mono	-0.00436638082819808	894_895	CT
CD14_Mono	0.00364855805216416	1032_1033	CC
CD14_Mono	-0.00345253992450575	1030_1031	CC
CD14_Mono	-0.00278334528095439	1031_1032	CC
CD14_Mono	-0.00341928648100247	1025_1026	CT
CD14_Mono	-0.00349723727990653	902_903	CC
CD14_Mono	-0.00296231019928887	1027_1028	CT
CD14_Mono	-0.00253633654789438	1024_1025	CC
CD14_Mono	-0.00472074984176554	904_905	CC
CD14_Mono	-0.00228616474139728	1028_1029	CT
CD14_Mono	-0.00198848418248348	1033_1034	CC
CD14_Mono	-0.00237589813036109	1026_1027	CC
CD14_Mono	-0.003723634027054	905_906	CC
CD14_Mono	-0.00314174860178265	1029_1030	CT
CD14_Mono	-0.00275916242224466	903_904	CT
CD14_Mono	-0.00265129248554937	1035_1036	CC
CD14_Mono	0.00791550245594661	1034_1035	CC
CD14_Mono	-0.00256183281360003	908_909	CC
CD14_Mono	-0.00543594660752443	912_913	CC
CD14_Mono	-0.00314665656181582	906_907	CC
CD14_Mono	-0.00428131819348163	1040_1041	CT
CD14_Mono	-0.0025924214814036	1039_1040	CC
CD14_Mono	-0.00271379067267123	1036_1037	CC
CD14_Mono	-0.00355076786303243	909_910	CT
CD14_Mono	-0.00250766974076987	1038_1039	CC
CD14_Mono	-0.00128040606415168	911_912	CC
CD14_Mono	-0.00462656094830447	910_911	CC
CD14_Mono	-0.00243696602978888	1037_1038	CT
CD14_Mono	-0.00161037055808895	907_908	CC
CD14_Mono	-0.00319821025418615	872_873	CT
CD14_Mono	0.0295975257320529	916_917	CC
CD14_Mono	0.0230364749255203	694_695	CC
CD14_Mono	-0.00410671614606709	867_868	CT
CD14_Mono	0.0324789466763518	914_915	CT
CD14_Mono	-0.00162272756645886	868_869	TT
CD14_Mono	-0.00311110131437423	917_918	CC
CD14_Mono	-0.000365313233312465	869_870	CC
CD14_Mono	-0.00269602476019515	871_872	CT
CD14_Mono	-0.00286542486277547	1042_1043	CT
CD14_Mono	-0.00175026511492896	915_916	CC
CD14_Mono	-0.00280622147419907	1041_1042	CC
CD14_Mono	0.00162948186463899	700_701	CC
CD14_Mono	-0.00650888265377511	701_702	CC
CD14_Mono	-0.00468529428142143	695_696	CC
CD14_Mono	-0.00264619165222697	704_705	CT
CD14_Mono	-0.00385030518159825	696_697	CC
CD14_Mono	-0.00291071819884487	663_664	CC
CD14_Mono	-0.00376989540246871	661_662	CC
CD14_Mono	-0.0049504348823065	664_665	CC
CD14_Mono	-0.00284087165052857	662_663	CT
CD14_Mono	-0.00308203001536483	702_703	CC
CD14_Mono	-0.00264479644677545	697_698	CC
CD14_Mono	-0.00316749140196791	699_700	CC
CD14_Mono	-0.00225308540081501	879_880	CC
CD14_Mono	-0.0018208112177821	883_884	CC
CD14_Mono	0.055682869807275	885_886	CC
CD14_Mono	-0.00580346243562349	878_879	CC
CD14_Mono	-0.00125497330248354	874_875	CT
CD14_Mono	-0.00171859330593836	877_878	CT
CD14_Mono	-0.00469066583986207	880_881	CC
CD14_Mono	-0.00229833365530007	876_877	CC
CD14_Mono	-0.00347974570349194	873_874	CC
CD14_Mono	-0.00346049950223412	881_882	CC
CD14_Mono	-0.00372792636927431	875_876	CC
CD14_Mono	-0.000953754887232907	882_883	CT
CD14_Mono	-0.0021275977727575	884_885	CC
CD14_Mono	-0.00301233469447182	888_889	CC
CD14_Mono	0.0710043733233681	373_374	CC
CD14_Mono	-0.00278204017457849	889_890	CC
CD14_Mono	-0.00391042777721713	887_888	CC
CD14_Mono	-0.00285906543935022	377_378	CT
CD14_Mono	-0.00128979390665027	886_887	CC
CD14_Mono	-0.00410950045949	378_379	CC
CD14_Mono	0.0464201684583304	371_372	CT
CD14_Mono	-0.00232611138602794	374_375	CT
CD14_Mono	-0.005100205842666	379_380	CT
CD14_Mono	0.100586350885262	372_373	CC
CD14_Mono	-0.00478688646596135	376_377	CC
CD14_Mono	-0.00334302320481542	370_371	CC
CD14_Mono	-0.00356789141422506	380_381	CC
CD14_Mono	-0.00347272955466274	297_298	TT
CD14_Mono	0.0252611303691838	294_295	CC
CD14_Mono	-0.00221722161793635	299_300	CT
CD14_Mono	0.0271897017350036	295_296	CC
CD14_Mono	-0.00289809551275887	301_302	CT
CD14_Mono	-0.00140218413296896	298_299	CC
CD14_Mono	-0.00133451539351321	293_294	CC
CD14_Mono	-0.00342986067598843	296_297	CC
CD14_Mono	-0.00185374184617539	302_303	CC
CD14_Mono	-0.0035911922317873	305_306	CC
CD14_Mono	-0.00302714423003918	303_304	CC
CD14_Mono	-0.00317360263420589	292_293	CT
CD14_Mono	-0.00363289750513097	313_314	CC
CD14_Mono	0.00250224126242903	308_309	CC
CD14_Mono	-0.00432396826867597	309_310	CC
CD14_Mono	-0.00169379412892918	311_312	CC
CD14_Mono	-0.00268618101163234	318_319	CC
CD14_Mono	0.00950174111546074	312_313	CC
CD14_Mono	-0.00140190728435519	306_307	CC
CD14_Mono	-0.00240836920741107	314_315	CC
CD14_Mono	-0.00412371736268228	315_316	CC
CD14_Mono	-0.000832591542204057	307_308	CT
CD14_Mono	-0.00270093096052058	317_318	CT
CD14_Mono	-0.00616397298572362	316_317	CT
CD14_Mono	0.0370325386508025	310_311	CC
CD14_Mono	0.0184260900342681	320_321	CC
CD14_Mono	-0.00306380467187258	1043_1044	CC
CD14_Mono	-0.00241715542042641	319_320	CC
CD14_Mono	-0.00427804463419794	324_325	CT
CD14_Mono	-0.00239542473051925	321_322	CC
CD14_Mono	-0.00352695319170039	1044_1045	CC
CD14_Mono	-0.000989697093650142	1048_1049	CC
CD14_Mono	-0.00246478106282654	1047_1048	CC
CD14_Mono	-0.00265062904138147	325_326	CC
CD14_Mono	-0.00291747480648531	1046_1047	CT
CD14_Mono	-0.00174892981004682	323_324	CC
CD14_Mono	-0.00347890338392682	326_327	CC
CD14_Mono	-0.00399390046516018	322_323	CC
CD14_Mono	-0.00390740907078644	1045_1046	CT
CD14_Mono	-0.00159325249343808	1054_1055	CT
CD14_Mono	-0.00422020732040406	1050_1051	CC
CD14_Mono	-0.000543672003990808	1051_1052	CC
CD14_Mono	-0.00306925386920638	1056_1057	CC
CD14_Mono	-0.00142421817596664	1052_1053	CT
CD14_Mono	-0.00402155981545191	1049_1050	CT
CD14_Mono	-0.00176761547275543	330_331	CC
CD14_Mono	-0.00187443112420138	327_328	CC
CD14_Mono	-0.00215153018826875	1053_1054	CT
CD14_Mono	-0.00228250111190945	1057_1058	CT
CD14_Mono	-0.00284709805497101	1064_1065	CC
CD14_Mono	-0.00109854546067639	334_335	CT
CD14_Mono	-0.00295974944364318	1059_1060	CC
CD14_Mono	-0.00447255473358165	922_923	CC
CD14_Mono	0.00706891331579094	920_921	CT
CD14_Mono	0.0380208652028273	1060_1061	TT
CD14_Mono	-0.00262533390893343	923_924	CT
CD14_Mono	-0.00192257596185727	1058_1059	CC
CD14_Mono	-0.0030929708231802	1061_1062	CC
CD14_Mono	-0.00216369430229797	924_925	CC
CD14_Mono	-0.00388078665588467	1063_1064	CC
CD14_Mono	-0.00356352373131181	1065_1066	CC
CD14_Mono	-0.00253263103974855	921_922	CC
CD14_Mono	-0.00392174987671477	754_755	CC
CD14_Mono	-6.56950607187732e-05	756_757	CT
CD14_Mono	-0.000719913740607068	1062_1063	CC
CD14_Mono	0.00187997431652129	769_770	CC
CD14_Mono	-0.00105626032075547	759_760	CT
CD14_Mono	-0.00315939463361315	770_771	CT
CD14_Mono	0.0011703190477226	753_754	CC
CD14_Mono	0.0030333046379308	761_762	CC
CD14_Mono	-0.000982930750801879	755_756	CC
CD14_Mono	-0.00051232260493425	757_758	CT
CD14_Mono	-0.00143048105497215	758_759	CT
CD14_Mono	-0.00204147167885254	760_761	CC
CD14_Mono	-0.00112747268396735	772_773	CC
CD14_Mono	-0.00190682233889404	771_772	CT
CD14_Mono	-0.00207125506708377	765_766	CC
CD14_Mono	-0.00260718454833853	774_775	CC
CD14_Mono	-0.0027641445051428	764_765	TT
CD14_Mono	-0.00280136911437872	767_768	CC
CD14_Mono	-0.0024913997941979	766_767	CC
CD14_Mono	0.0139804925293675	790_791	CT
CD14_Mono	-0.00272181686355328	781_782	CC
CD14_Mono	-0.00222841657075726	786_787	CT
CD14_Mono	-0.0018222657796352	783_784	CC
CD14_Mono	-0.00385810829636312	788_789	CC
CD14_Mono	-0.00307858143240941	789_790	CC
CD14_Mono	-0.00409470933976629	791_792	CT
CD14_Mono	-0.00145994474486868	782_783	CC
CD14_Mono	-0.00204007844027247	780_781	CT
CD14_Mono	-0.00315033328832024	779_780	CT
CD14_Mono	-0.00094342381053062	784_785	CC
CD14_Mono	-0.00374039726216632	667_668	CC
CD14_Mono	0.0277380687557624	709_710	CC
CD14_Mono	-0.00376884845519997	705_706	CC
CD14_Mono	-0.00410409779564638	706_707	CT
CD14_Mono	-0.00585992595236728	669_670	CC
CD14_Mono	-0.0048790188338351	707_708	CT
CD14_Mono	0.0200855040836467	711_712	CT
CD14_Mono	-0.00300786404861356	708_709	CC
CD14_Mono	-0.00367333743681801	668_669	CT
CD14_Mono	-0.00335209967934972	666_667	CC
CD14_Mono	-0.00273102328599584	670_671	CT
CD14_Mono	-0.00370403798104677	665_666	CT
CD14_Mono	-0.00535031741217223	443_444	CC
CD14_Mono	-0.00131661174678456	455_456	CC
CD14_Mono	-0.00312380875530907	456_457	CT
CD14_Mono	-0.00249699212254291	459_460	CC
CD14_Mono	-0.00103760791172964	405_406	CC
CD14_Mono	-0.00368525366178404	457_458	CC
CD14_Mono	-0.00263336683047526	406_407	CC
CD14_Mono	-0.00247064149039299	453_454	CC
CD14_Mono	-0.00266142228034477	446_447	CC
CD14_Mono	-0.00348176931548894	445_446	CC
CD14_Mono	0.07160735302563	454_455	CC
CD14_Mono	-0.00104060232979417	458_459	CC
CD14_Mono	-0.00293104072510816	793_794	CC
CD14_Mono	-0.00180106971145808	450_451	CC
CD14_Mono	-9.77767316944109e-05	451_452	CC
CD14_Mono	-0.00202712349318754	448_449	CC
CD14_Mono	0.000144994923657194	449_450	CT
CD14_Mono	-0.0019139089133176	432_433	CC
CD14_Mono	-0.00041246047311862	452_453	CC
CD14_Mono	-0.00199157496448103	431_432	CC
CD14_Mono	0.10179478208359	462_463	CC
CD14_Mono	-0.00457004785994926	461_462	CC
CD14_Mono	-0.00510568005360463	447_448	CT
CD14_Mono	-0.000938109375791854	463_464	CT
CD14_Mono	-0.00263773917201657	460_461	CC
CD14_Mono	0.000823383888266669	464_465	CT
CD14_Mono	-0.00321315045315021	435_436	CC
CD14_Mono	-0.00388555949582462	434_435	CC
CD14_Mono	-0.00307443354729064	364_365	CT
CD14_Mono	-0.00256791859366851	439_440	CC
CD14_Mono	-0.00327295691781101	436_437	CC
CD14_Mono	-0.00192461798399362	360_361	CT
CD14_Mono	-0.00113699855961428	361_362	CT
CD14_Mono	-0.00174989878271283	363_364	CC
CD14_Mono	-0.00225805830477249	365_366	CT
CD14_Mono	-0.00203602354518004	367_368	CC
CD14_Mono	-0.00371225665324229	437_438	CC
CD14_Mono	-0.00227805840288028	366_367	CC
CD14_Mono	0.0151699707913484	356_357	CC
CD14_Mono	-0.0029318598308353	423_424	CC
CD14_Mono	-0.00348335474587459	359_360	CC
CD14_Mono	0.0244189447094257	358_359	CC
CD14_Mono	-0.00171158304283199	426_427	CC
CD14_Mono	-0.00129055439251474	424_425	CC
CD14_Mono	-0.00220357214459408	441_442	CT
CD14_Mono	-0.00272353362333434	428_429	CT
CD14_Mono	-0.00484017264667622	357_358	CT
CD14_Mono	-0.000975548423899957	425_426	CT
CD14_Mono	-0.00406909712025274	429_430	CC
CD14_Mono	-0.00172619486437765	422_423	CT
CD14_Mono	-0.00213274958611258	415_416	CC
CD14_Mono	0.0112370893665336	442_443	CT
CD14_Mono	-0.00331779289407093	419_420	CC
CD14_Mono	-0.00300869185372654	1073_1074	CC
CD14_Mono	0.00639974239967266	396_397	CC
CD14_Mono	-0.00107863471483952	395_396	CT
CD14_Mono	-0.00297890081035757	1072_1073	CT
CD14_Mono	-0.00295828265477723	368_369	TT
CD14_Mono	-0.00535432540841818	417_418	CC
CD14_Mono	-0.00322617505438081	399_400	CC
CD14_Mono	-0.00268658204583689	416_417	CC
CD14_Mono	-0.00425908128125759	418_419	CC
CD14_Mono	-0.00412969576356754	398_399	CC
CD14_Mono	-0.00403780780059087	394_395	CT
CD14_Mono	-0.00232179587061385	403_404	CT
CD14_Mono	-0.00515743876527532	402_403	CC
CD14_Mono	-0.00375688108083155	387_388	CC
CD14_Mono	0.00184960564168906	412_413	CC
CD14_Mono	-0.005075429085497	400_401	CC
CD14_Mono	-0.00264984051317575	390_391	CC
CD14_Mono	-0.0040170872364904	410_411	CC
CD14_Mono	-0.00292239320244889	388_389	CT
CD14_Mono	-0.00392806447175534	413_414	CC
CD14_Mono	-0.0028847944257025	389_390	CC
CD14_Mono	-0.00462728604306116	414_415	CC
CD14_Mono	-0.00436879214201051	347_348	CT
CD14_Mono	-0.0029860303424013	411_412	CC
CD14_Mono	-0.0024336544319414	1070_1071	CC
CD14_Mono	-0.00163843928766517	409_410	CC
CD14_Mono	-0.00168423959521242	498_499	CC
CD14_Mono	-0.00345029207039512	497_498	CC
CD14_Mono	-0.00440511170603124	494_495	CC
CD14_Mono	-0.00285748134856765	328_329	CT
CD14_Mono	-0.001703509908521	404_405	CC
CD14_Mono	-0.00112684870458783	342_343	CC
CD14_Mono	-0.0046549766323702	329_330	CC
CD14_Mono	0.00115377471720575	1066_1067	CC
CD14_Mono	-0.00425528394936885	335_336	CC
CD14_Mono	-0.00138477861149728	490_491	CC
CD14_Mono	-0.00486142666232086	489_490	CC
CD14_Mono	0.0138967421076387	338_339	CC
CD14_Mono	-0.00194212468144989	337_338	CC
CD14_Mono	-0.00450775257367963	336_337	CT
CD14_Mono	0.0420392233402659	339_340	CC
CD14_Mono	-0.00348911255622198	487_488	CC
CD14_Mono	-0.00388203868622572	421_422	CC
CD14_Mono	-0.0043682798987378	488_489	CT
CD14_Mono	0.00134614539793515	486_487	CC
CD14_Mono	-0.000282214506379561	340_341	CC
CD14_Mono	0.000989997485767138	420_421	CC
CD14_Mono	-0.00475777205192134	553_554	CT
CD14_Mono	0.017363514134076	752_753	CT
CD14_Mono	-0.00321008012259657	393_394	CC
CD14_Mono	-0.00330910008621408	559_560	CC
CD14_Mono	-0.00569521025407428	348_349	CT
CD14_Mono	-0.00358043339241813	391_392	CC
CD14_Mono	-0.00219194537575194	870_871	CC
CD14_Mono	-0.00442506789188372	496_497	CC
CD14_Mono	-0.00309564771108987	554_555	CC
CD14_Mono	-0.00322068083870547	485_486	CC
CD14_Mono	-0.00355731280830444	558_559	CC
CD14_Mono	-0.00525103844046881	552_553	TT
CD14_Mono	-0.00223881484051711	492_493	CC
CD14_Mono	-0.00290051321875537	562_563	CT
CD14_Mono	-0.00367795204910241	561_562	CT
CD14_Mono	-0.00207651543056748	516_517	CC
CD14_Mono	-0.00286481357944541	751_752	CC
CD14_Mono	-0.00371734628891443	407_408	CC
CD14_Mono	-0.00623300308125209	503_504	CC
CD14_Mono	-0.00440305027145384	493_494	CT
CD14_Mono	-0.00442438440457095	515_516	TT
CD14_Mono	-0.00264813145233784	98_98	CT
CD14_Mono	-0.0044300748096601	563_564	CT
CD14_Mono	-0.00192397891291015	392_393	CC
CD14_Mono	-0.00229657393028016	517_518	TT
CD14_Mono	-0.00166909703860569	671_672	CC
CD14_Mono	0.0192583745757384	679_680	CC
CD14_Mono	-0.00548612624609169	680_681	CT
CD14_Mono	-0.00257488065555526	715_716	CC
CD14_Mono	-0.00207295136175952	676_677	CC
CD14_Mono	-0.00326407918101075	675_676	CT
CD14_Mono	-0.00219721605542248	677_678	CT
CD14_Mono	-0.00245692847940985	678_679	TT
CD14_Mono	-0.00184667439815519	716_717	CT
CD14_Mono	-0.0036878922178658	719_720	CC
CD14_Mono	-0.00259077803352977	673_674	CC
CD14_Mono	-0.0054104794627331	672_673	CC
CD14_Mono	0.129402256063839	674_675	CC
CD14_Mono	0.0193583170848654	478_479	TT
CD14_Mono	-0.00566399345998175	102_102	CC
CD14_Mono	0.0522022040840231	101_101	CC
CD14_Mono	-0.00168012940066381	481_482	CC
CD14_Mono	0.00774853713698496	480_481	CC
CD14_Mono	-0.00606615709741214	369_370	CC
CD14_Mono	-0.0032528061115935	482_483	CC
CD14_Mono	-0.0037965194387208	483_484	CC
CD14_Mono	-0.00306258560894163	382_383	CT
CD14_Mono	-0.00363308297398672	479_480	CC
CD14_Mono	-0.00391679018927493	381_382	TT
CD14_Mono	0.0224198576446763	383_384	CC
CD14_Mono	-0.00229575939591812	484_485	CT
CD14_Mono	-0.00295415736541652	99_99	CT
CD14_Mono	-0.00336316134941485	105_105	CC
CD14_Mono	-0.00236783216567137	540_541	CC
CD14_Mono	-0.00431022943958704	532_533	CC
CD14_Mono	-0.0043868512285535	539_540	CC
CD14_Mono	-0.0035747368345912	529_530	CC
CD14_Mono	-0.00337303441220171	538_539	CC
CD14_Mono	-0.00556376603236773	505_506	CC
CD14_Mono	0.0222097962206566	533_534	CC
CD14_Mono	-0.00494032704807182	528_529	CT
CD14_Mono	-0.00634873748793407	527_528	CC
CD14_Mono	-0.00152696339071141	104_104	CC
CD14_Mono	-0.00330287473226682	506_507	CC
CD14_Mono	-0.00275256411370125	534_535	CC
CD14_Mono	0.0111464354526758	521_522	CC
CD14_Mono	0.0344501780353909	524_525	CT
CD14_Mono	-0.0045340577504909	543_544	CT
CD14_Mono	-0.00168558385762403	535_536	CC
CD14_Mono	-0.00400725088862523	536_537	CC
CD14_Mono	-0.0022888855107178	546_547	CT
CD14_Mono	0.0185842250518524	507_508	CC
CD14_Mono	-0.00408632570612664	541_542	CC
CD14_Mono	-0.00374828825717494	542_543	CT
CD14_Mono	-0.00416827993465861	545_546	CC
CD14_Mono	-0.00501172646119753	512_513	CC
CD14_Mono	-0.00475091139872498	511_512	CC
CD14_Mono	0.0210164930191142	547_548	TT
CD14_Mono	-0.0040834613932076	549_550	CC
CD14_Mono	-0.00164539462115986	509_510	CC
CD14_Mono	-0.00324180095849706	514_515	CT
CD14_Mono	-0.00280472877413165	550_551	CC
CD14_Mono	-0.00505874387493409	510_511	CC
CD14_Mono	-0.00400814974978386	112_112	CT
CD14_Mono	0.000874810417131175	551_552	CT
CD14_Mono	-0.00385558485670479	555_556	CC
CD14_Mono	-0.00408163409191927	513_514	CC
CD14_Mono	-0.00368414610946036	1068_1069	CC
CD14_Mono	-0.00396027945603651	468_469	CC
CD14_Mono	-0.00384379755686448	466_467	CC
CD14_Mono	-0.0037994320309706	467_468	CC
CD14_Mono	-0.00356922454685282	570_571	CT
CD14_Mono	-0.00301350911829027	469_470	CT
CD14_Mono	-0.00627876743431056	471_472	CC
CD14_Mono	-0.00132175529548792	599_600	CC
CD14_Mono	0.064477595492968	567_568	CC
CD14_Mono	-0.005209020058135	566_567	CT
CD14_Mono	-0.00532065583086818	472_473	CC
CD14_Mono	-0.00129859151804333	525_526	CC
CD14_Mono	-0.00630348312890977	600_601	CC
CD14_Mono	0.0198940729853377	110_110	CT
CD14_Mono	-0.00400638740753877	106_106	CT
CD14_Mono	-0.00294703673954316	473_474	CC
CD14_Mono	-0.00521455327782057	109_109	CT
CD14_Mono	-0.00392628441059768	111_111	CC
CD14_Mono	-0.0044714186433638	116_116	CC
CD14_Mono	-0.00254624688928172	114_114	CC
CD14_Mono	-0.00226642467186165	571_572	CT
CD14_Mono	-0.00420520789410183	117_117	CC
CD14_Mono	-0.00304534975974839	107_107	CC
CD14_Mono	-0.00286609501355286	474_475	CC
CD14_Mono	-0.00404091488249447	572_573	CC
CD14_Mono	-0.000692349228924801	108_108	CC
CD14_Mono	-0.00413337711494866	603_604	CT
CD14_Mono	-0.00314846384178097	606_607	CC
CD14_Mono	-0.00280473515811946	1075_1076	CC
CD14_Mono	0.0171122103236466	621_622	CC
CD14_Mono	-0.0037088234105187	574_575	CT
CD14_Mono	-0.00402696792114396	604_605	CT
CD14_Mono	-0.00473295797123072	1076_1077	CC
CD14_Mono	-0.00592868712920497	573_574	CC
CD14_Mono	-0.00633416349947193	1074_1075	CT
CD14_Mono	-0.00564113096209457	548_549	CC
CD14_Mono	-0.00317188702499419	605_606	CC
CD14_Mono	-0.00549257467861902	575_576	CC
CD14_Mono	-0.00462303119160687	609_610	CC
CD14_Mono	-0.00496523301320161	620_621	CC
CD14_Mono	-0.00369186955428478	608_609	CT
CD14_Mono	-0.00510687420301369	613_614	CC
CD14_Mono	-0.00527179199541139	618_619	CC
CD14_Mono	-0.00276026110065356	612_613	CC
CD14_Mono	-0.00284267805775606	607_608	CT
CD14_Mono	-0.00163886719861505	611_612	CC
CD14_Mono	0.0159139894164631	610_611	CC
CD14_Mono	-0.00579410527142085	614_615	CC
CD14_Mono	-0.00409968674979529	616_617	CC
CD14_Mono	-0.00381931412059801	615_616	CT
CD14_Mono	-0.00370516243642258	619_620	CT
CD14_Mono	-0.00374566754335261	617_618	CC
CD14_Mono	-0.00672729821499741	577_578	CT
CD14_Mono	-0.00303854473422453	623_624	CC
CD14_Mono	-0.00302527306890773	638_639	CC
CD14_Mono	-0.00124640851632941	508_509	CC
CD14_Mono	0.0092810179041415	637_638	CC
CD14_Mono	0.00802536358182037	622_623	CC
CD14_Mono	-0.00270483280307502	499_500	CC
CD14_Mono	-0.00112111269731417	504_505	CC
CD14_Mono	-0.00500240401400182	636_637	CC
CD14_Mono	0.0334340058696196	576_577	CC
CD14_Mono	-0.00393291477218586	578_579	CC
CD14_Mono	-0.0026876451308878	470_471	CT
CD14_Mono	-0.00557505126616016	720_721	TT
CD14_Mono	-0.00329330444929703	722_723	CC
CD14_Mono	0.0145806096710011	717_718	CT
CD14_Mono	-0.000566361441922501	737_738	CC
CD14_Mono	-0.00303950833453648	740_741	CC
CD14_Mono	-0.00402572113557179	971_972	CC
CD14_Mono	-0.00543510222250114	968_969	CC
CD14_Mono	-0.00405720697151439	743_744	CT
CD14_Mono	-0.00513021525481866	718_719	CC
CD14_Mono	-0.0031809786904204	736_737	CC
CD14_Mono	-0.00495853669432421	721_722	CC
CD14_Mono	-0.00271683619730683	739_740	CT
CD14_Mono	-0.0032291108327476	970_971	CC
CD14_Mono	-0.00354229329092912	648_649	CT
CD14_Mono	-0.00434530998718424	639_640	CT
CD14_Mono	-0.00253801653071692	650_651	CC
CD14_Mono	-0.00440163584358883	579_580	CT
CD14_Mono	-0.00461908506788601	645_646	CT
CD14_Mono	-0.00344052203204738	647_648	CC
CD14_Mono	-0.00230624623330895	526_527	CC
CD14_Mono	-0.00385480726523071	651_652	CT
CD14_Mono	-0.000293652653767937	640_641	CC
CD14_Mono	-0.00259755074415955	646_647	CT
CD14_Mono	-0.00278207165284767	652_653	CT
CD14_Mono	0.0240187316119235	624_625	CC
CD14_Mono	-0.00397659260060029	587_588	CC
CD14_Mono	-0.00391705378282142	589_590	CC
CD14_Mono	0.108774413717236	580_581	CC
CD14_Mono	-0.00594106342703699	583_584	CC
CD14_Mono	0.00619372235250661	590_591	CC
CD14_Mono	-0.00362130897721485	582_583	CC
CD14_Mono	-0.00493188189621492	586_587	CC
CD14_Mono	-0.0048095992525001	585_586	CC
CD14_Mono	0.0230635492585041	588_589	CT
CD14_Mono	0.0147632301412564	644_645	CC
CD14_Mono	-0.00319410060241309	625_626	CC
CD14_Mono	-0.00402851069509503	584_585	CC
CD14_Mono	-0.00379375637331647	581_582	CT
CD14_Mono	-0.00409555752875219	628_629	CT
CD14_Mono	0.0116656572599237	345_346	CC
CD14_Mono	-0.00371293531495915	627_628	CC
CD14_Mono	-0.00578528695244668	634_635	CC
CD14_Mono	-0.00283445820546745	594_595	TT
CD14_Mono	0.0116512103439454	344_345	CC
CD14_Mono	-0.00552328658947301	595_596	TT
CD14_Mono	-0.00311687101416753	635_636	CC
CD14_Mono	0.00310002172614446	629_630	CC
CD14_Mono	-0.00484229393270733	626_627	CT
CD14_Mono	-0.0034580934977243	591_592	CC
CD14_Mono	-0.0045292083181384	592_593	CC
CD14_Mono	-0.0037713829318812	630_631	CT
CD14_Mono	-0.00498734019525383	593_594	CC
CD14_Mono	0.0168300134433551	657_658	CT
CD14_Mono	-0.00431269196332438	346_347	CT
CD14_Mono	-0.0042348258731502	385_386	CC
CD14_Mono	-0.00523656658333756	655_656	CC
CD14_Mono	-0.00448441429475178	653_654	CC
CD14_Mono	-0.00618105688536691	654_655	CC
CD14_Mono	-0.00464781268764114	658_659	CC
CD14_Mono	-0.00437317934752964	52_52	CC
CD14_Mono	0.0106198972251798	659_660	CC
CD14_Mono	-0.00499518577777692	386_387	CC
CD14_Mono	0.0213215876804292	354_355	CC
CD14_Mono	0.0099525233236467	350_351	CC
CD14_Mono	-0.00438496272976358	353_354	CC
CD14_Mono	-0.00315075284474859	351_352	CC
CD14_Mono	-0.00272137913650761	40_40	CT
CD14_Mono	0.000946713227074429	349_350	CC
CD14_Mono	-0.00559959696109857	597_598	CC
CD14_Mono	-0.00362729819603657	352_353	CC
CD14_Mono	0.005499717350095	113_113	CC
CD14_Mono	-0.00372581289396189	632_633	CT
CD14_Mono	0.0314746689787231	39_39	CC
CD14_Mono	-0.00499331882640203	465_466	CC
CD14_Mono	-0.00415951625231843	596_597	CT
CD14_Mono	0.00102997508972202	43_43	CT
CD14_Mono	-0.00531476219137255	41_41	CC
CD14_Mono	-0.00468965512137518	633_634	CC
CD14_Mono	-0.00440637276035823	660_661	CT
CD14_Mono	-0.00530855930328477	42_42	CC
CD14_Mono	0.00537883114243924	93_93	CC
CD14_Mono	0.0147673430379139	57_57	TT
CD14_Mono	-0.00422829963716258	58_58	CC
CD14_Mono	0.000414150215647827	47_47	CC
CD14_Mono	0.00404286229307296	92_92	CC
CD14_Mono	-0.00187424812152079	51_51	CC
CD14_Mono	0.00659488430555992	48_48	CT
CD14_Mono	0.0128899348472948	75_75	CC
CD14_Mono	0.0094361526497232	89_89	CT
CD14_Mono	-0.00401058803695984	50_50	CC
CD14_Mono	0.00767967915548895	49_49	CC
CD14_Mono	-0.00458547274077102	53_53	CT
CD14_Mono	0.000242101541020687	91_91	CC
CD14_Mono	-0.00332917516511522	90_90	CC
CD14_Mono	0.0277515611691037	54_54	CT
CD14_Mono	-0.00269205923752483	63_63	CT
CD14_Mono	-0.00464843473867059	97_97	CC
CD14_Mono	-0.00654253358895116	61_61	CC
CD14_Mono	-0.00595256966931582	1077_1078	CC
CD14_Mono	-0.00402161103713029	276_277	CC
CD14_Mono	-0.00437618536282451	96_96	CT
CD14_Mono	-0.00476276918464256	60_60	CC
CD14_Mono	-0.00510742662110825	64_64	CC
CD14_Mono	-0.00343670700384226	286_287	CC
CD14_Mono	0.0217643479145493	95_95	CT
CD14_Mono	-0.00375866502136815	55_55	CC
CD14_Mono	0.00642409574913025	56_56	CT
CD14_Mono	-0.0026789423125671	84_84	CC
CD14_Mono	-0.00429837995867451	87_87	CT
CD14_Mono	-0.00320209879283811	1081_1082	CC
CD14_Mono	-0.00491176422745689	163_163	CC
CD14_Mono	-0.00273460567791109	71_71	CT
CD14_Mono	0.0111651126952614	85_85	CC
CD14_Mono	-0.00386218465444448	1080_1081	CC
CD14_Mono	-0.00704321919053872	86_86	CC
CD14_Mono	-0.00549779494717399	70_70	CC
CD14_Mono	-0.00591804592448025	72_72	CC
CD14_Mono	-0.00182822087757532	287_288	CT
CD14_Mono	-0.00660150981677847	1078_1079	CT
CD14_Mono	-0.00382742917603009	1079_1080	CC
CD14_Mono	-0.0064881447334376	88_88	CC
CD14_Mono	-0.00499896979443658	169_170	CC
CD14_Mono	-0.00318029689273838	170_171	CC
CD14_Mono	-0.0042429484529997	173_174	TT
CD14_Mono	0.0110650722128059	165_166	CC
CD14_Mono	-0.00361107339175412	167_168	CC
CD14_Mono	-0.00449548537482942	155_155	CT
CD14_Mono	-0.00474035065337267	156_156	CC
CD14_Mono	-0.00814488205255621	164_165	CT
CD14_Mono	-0.0037635751497028	166_167	CC
CD14_Mono	-0.0040444768112208	172_173	CC
CD14_Mono	-0.00494995323217394	154_154	CT
CD14_Mono	-0.00334963727118688	171_172	CT
CD14_Mono	-0.00353525550127927	175_176	CC
CD14_Mono	-0.00478274998211529	168_169	CT
CD14_Mono	-0.00487284302664057	140_140	CC
CD14_Mono	-0.00227840219842946	137_137	CC
CD14_Mono	-0.00289580524733308	142_142	CT
CD14_Mono	-0.00427097188039812	139_139	CC
CD14_Mono	-0.00260112130024082	598_599	CC
CD14_Mono	-0.0026314580173107	134_134	CT
CD14_Mono	-0.00464251842223317	138_138	CC
CD14_Mono	-0.00288545675631418	46_46	CC
CD14_Mono	-0.00186294479772959	27_27	CC
CD14_Mono	-0.000352295531915251	141_141	CT
CD14_Mono	-0.00626736260854149	25_25	CT
CD14_Mono	-0.00364272980216758	28_28	CC
CD14_Mono	-0.00192811865962818	978_979	CT
CD14_Mono	-0.00362082768711547	969_970	CC
CD14_Mono	-0.00253795367355602	973_974	CT
CD14_Mono	-0.00248574263848971	714_715	CT
CD14_Mono	-0.00311929901318458	723_724	CC
CD14_Mono	-0.00240247419231496	972_973	CC
CD14_Mono	-0.00289468299842215	724_725	CC
CD14_Mono	-0.00158236283861066	726_727	CC
CD14_Mono	-0.00317473221275354	974_975	CC
CD14_Mono	-0.0028782066066214	975_976	CC
CD14_Mono	-0.00373211995967531	725_726	CC
CD14_Mono	-0.00317946499045279	977_978	CC
CD14_Mono	-0.00220717518102938	976_977	CC
CD14_Mono	-0.00387314946409474	147_147	CC
CD14_Mono	-0.00310461410828692	149_149	CC
CD14_Mono	-0.0023067884244717	153_153	CC
CD14_Mono	-0.00332089618227408	150_150	CC
CD14_Mono	-0.0046072657904399	145_145	CC
CD14_Mono	-0.00473225680831099	146_146	CC
CD14_Mono	-0.00410136620742647	176_177	CC
CD14_Mono	-0.00351190678856184	144_144	CT
CD14_Mono	-0.00430731986325072	148_148	CC
CD14_Mono	-0.00397083928426972	152_152	CC
CD14_Mono	-0.00535938369141122	151_151	CT
CD14_Mono	-0.00274147176844607	656_657	CC
CD14_Mono	-0.00517308469085841	78_78	CT
CD14_Mono	-0.00437223849036693	45_45	CT
CD14_Mono	-0.00574845264106742	77_77	CT
CD14_Mono	-0.00351276802948989	180_181	CT
CD14_Mono	-0.0025820886370685	83_83	TT
CD14_Mono	-0.00134571358713756	81_81	CC
CD14_Mono	-0.00177110293194196	76_76	CC
CD14_Mono	-0.00271787016817834	288_289	CT
CD14_Mono	-0.00414164807980629	82_82	CC
CD14_Mono	-0.00379326999644555	79_79	CT
CD14_Mono	-0.00379688435161057	69_69	CC
CD14_Mono	-0.00598195674396455	284_285	CT
CD14_Mono	-0.00358274606999345	66_66	CC
CD14_Mono	-0.00142286804881009	290_291	CC
CD14_Mono	0.0902188108726442	280_281	CC
CD14_Mono	-0.00445487864401394	68_68	CC
CD14_Mono	0.0983517185397799	278_279	CC
CD14_Mono	-0.00302925882716404	279_280	CT
CD14_Mono	-0.00444282331480912	65_65	CC
CD14_Mono	-0.00246892581410955	181_182	CC
CD14_Mono	-0.00426109154432746	44_44	CC
CD14_Mono	-0.00584945297481186	282_283	CT
CD14_Mono	-0.00512960769958266	133_133	CC
CD14_Mono	-0.00524858205986208	126_126	CT
CD14_Mono	-0.00264426751518076	122_122	CC
CD14_Mono	-0.00469406886518	123_123	CC
CD14_Mono	-0.00651942896817666	120_120	CT
CD14_Mono	-0.00597129584043217	119_119	CC
CD14_Mono	-0.00375126559008205	131_131	CC
CD14_Mono	-0.00611075991754171	129_129	CC
CD14_Mono	-0.00219769188202913	132_132	CT
CD14_Mono	-0.0032060679024672	130_130	CC
CD14_Mono	-0.00490462489219847	121_121	CC
CD14_Mono	-0.00311171228610132	125_125	CC
CD14_Mono	-0.0010706324731511	127_127	CC
CD14_Mono	-0.00475083060885675	128_128	CT
CD14_Mono	-0.0014837055394576	29_29	CC
CD14_Mono	-0.0039538722298185	36_36	CC
CD14_Mono	-0.00477510581751512	38_38	CC
CD14_Mono	-0.00482790796165161	186_187	CC
CD14_Mono	-0.00378948609015872	2_2	CC
CD14_Mono	-0.00457521339174243	30_30	CT
CD14_Mono	-0.00252050145453576	37_37	CC
CD14_Mono	-0.0032362348956538	185_186	CC
CD14_Mono	-0.00462952214330486	187_188	CC
CD14_Mono	-0.000180532282657462	35_35	CC
CD14_Mono	-0.00262738846368066	1_1	CC
CD14_Mono	-0.00334752530379874	33_33	CT
CD14_Mono	-0.00349388145608525	189_190	CC
CD14_Mono	-0.00383226275977712	184_185	CT
CD14_Mono	-0.00253223692033297	159_159	CT
CD14_Mono	-0.0050777987305332	158_158	CC
CD14_Mono	-0.00474485514535906	182_183	CT
CD14_Mono	-0.000109814897726495	183_184	CC
CD14_Mono	-0.00178483494847029	4_4	CC
CD14_Mono	-0.00347523228515011	161_161	CC
CD14_Mono	-0.00484128101440796	3_3	CC
CD14_Mono	-0.00434433371167273	190_191	CC
CD14_Mono	-0.00254386331914474	191_192	CC
CD14_Mono	-0.00349710134871966	160_160	CC
CD14_Mono	-0.0038678606656769	124_124	CC
CD14_Mono	-0.00307869943424952	251_252	TT
CD14_Mono	-0.00241702552284791	247_248	CC
CD14_Mono	-0.00582350810490184	252_253	CC
CD14_Mono	-0.000876566737073605	242_243	CT
CD14_Mono	0.100323619172075	250_251	CC
CD14_Mono	-0.00211951433969006	248_249	CC
CD14_Mono	-0.00204113998830101	243_244	CC
CD14_Mono	-0.00174755699850458	245_246	CC
CD14_Mono	-0.000609519085719834	8_8	CC
CD14_Mono	-0.00114810133243746	7_7	CC
CD14_Mono	0.000795806719375298	255_256	CC
CD14_Mono	-0.00187887109448216	6_6	CT
CD14_Mono	-0.00599331632991236	236_237	CT
CD14_Mono	-0.00460834168783764	232_233	CC
CD14_Mono	-0.00463838999491011	223_224	CC
CD14_Mono	-0.00112562290402927	11_11	CC
CD14_Mono	-0.00316769633686421	233_234	CT
CD14_Mono	0.0308528150945303	224_225	CC
CD14_Mono	-0.00275600486052566	10_10	CC
CD14_Mono	-0.00418672259631645	231_232	CC
CD14_Mono	-0.00468369098744809	9_9	CC
CD14_Mono	-0.00296451535304455	225_226	CT
CD14_Mono	-0.00404695370253253	229_230	CC
CD14_Mono	-0.00343837860954463	209_210	CC
CD14_Mono	0.0218599135270746	213_214	CC
CD14_Mono	-0.00335061620287012	207_208	CT
CD14_Mono	-0.00379657748391632	208_209	CC
CD14_Mono	-0.00117133383840995	206_207	CC
CD14_Mono	-0.0034560300184215	212_213	CC
CD14_Mono	-0.00335210095843916	246_247	CC
CD14_Mono	-0.00396077636580375	214_215	CC
CD14_Mono	-0.00282666605186518	211_212	CC
CD14_Mono	-0.00416219476234146	239_240	CC
CD14_Mono	-0.00481319690713641	237_238	CC
CD14_Mono	-0.00281020174155731	238_239	CC
CD14_Mono	-0.00277787972756506	819_820	TT
CD14_Mono	-0.00283755604000227	981_982	CC
CD14_Mono	-0.00202919675476747	813_814	CT
CD14_Mono	-0.00133170930122014	732_733	CT
CD14_Mono	-0.00259252679042558	735_736	CT
CD14_Mono	-0.00117689778353094	838_839	CC
CD14_Mono	-0.00158198858167337	727_728	CC
CD14_Mono	-0.0017078260856966	731_732	CC
CD14_Mono	-0.00296570628246545	816_817	CT
CD14_Mono	-0.00312159333407487	980_981	CC
CD14_Mono	-0.00151523641701143	734_735	CC
CD14_Mono	-0.00323697660718894	210_211	CC
CD14_Mono	-0.00208058013612949	220_221	CC
CD14_Mono	-0.0029992040998898	13_13	CC
CD14_Mono	-0.005236145768197	215_216	CC
CD14_Mono	0.0313093741445021	12_12	CT
CD14_Mono	-0.00256716361538473	221_222	CT
CD14_Mono	-0.00288573166936298	217_218	CC
CD14_Mono	-0.00363232779604171	222_223	CC
CD14_Mono	0.0136874456400518	219_220	CT
CD14_Mono	0.0151735781348125	19_19	TT
CD14_Mono	-0.00478004919591036	256_257	TT
CD14_Mono	-0.00557660084913212	23_23	CT
CD14_Mono	0.00655575214085676	259_260	CC
CD14_Mono	-0.00436054959618753	15_15	CT
CD14_Mono	-0.00329612662546257	18_18	TT
CD14_Mono	0.0157684862554365	262_263	CT
CD14_Mono	0.00931371709543493	257_258	CC
CD14_Mono	0.00602992309285606	260_261	CC
CD14_Mono	0.00426161901069443	17_17	CT
CD14_Mono	-0.00568374486307003	16_16	CT
CD14_Mono	-0.000133395220822212	258_259	CC
CD14_Mono	-0.00640142853502586	263_264	CC
CD14_Mono	-0.00439901417159803	266_267	CC
CD14_Mono	-0.00412491516633635	274_275	CC
CD14_Mono	-0.00492919888272771	264_265	CC
CD14_Mono	0.00748892148698601	24_24	CC
CD14_Mono	-0.00378297859767582	271_272	CC
CD14_Mono	-0.00202103111832774	269_270	CC
CD14_Mono	-0.0042594029161524	270_271	CC
CD14_Mono	-0.00420652535048902	273_274	CC
CD14_Mono	-0.00439506466924018	272_273	CC
CD14_Mono	0.0153352893421968	267_268	TT
CD14_Mono	0.0191473961046337	275_276	CC
CD14_Mono	-0.00463676223955486	933_934	CC
CD14_Mono	-0.00294867829655192	930_931	CT
CD14_Mono	0.00412767145486624	927_928	CT
CD14_Mono	-0.00303753839877202	937_938	CC
CD14_Mono	-0.0040003992061983	934_935	CC
CD14_Mono	-0.00447516134618486	926_927	CC
CD14_Mono	-0.00525582404978119	935_936	CC
CD14_Mono	0.00114483337382935	932_933	CC
CD14_Mono	-0.00357832722504049	929_930	CC
CD14_Mono	-0.00464097370025212	943_944	CC
CD14_Mono	-0.00458725986202204	938_939	CC
CD14_Mono	-0.00412987691233398	944_945	CC
CD14_Mono	-0.00382917997169783	945_946	CT
CD14_Mono	-0.00336661380939681	941_942	CC
CD14_Mono	-0.00379430156898992	947_948	CC
CD14_Mono	-0.00313390745773994	939_940	CT
CD14_Mono	-0.00459329885799972	949_950	CC
CD14_Mono	-0.00151033344467977	942_943	CT
CD14_Mono	-0.00601036528931899	946_947	CC
CD14_Mono	-0.0011870460677751	940_941	CC
CD14_Mono	-0.00482324968552575	962_963	CC
CD14_Mono	-0.00231182385130302	958_959	CC
CD14_Mono	-0.00738791335558464	951_952	CC
CD14_Mono	-0.00587740309794846	956_957	CC
CD14_Mono	-0.00368159137326704	955_956	CC
CD14_Mono	-0.00690202147288592	954_955	CT
CD14_Mono	-0.00329525565347747	960_961	CC
CD14_Mono	-0.00699099965804849	953_954	CC
CD14_Mono	0.0142699286664303	961_962	TT
CD14_Mono	-0.00567356764496742	957_958	CC
CD14_Mono	-0.00539010363908463	959_960	TT
CD14_Mono	-0.00469278951847082	952_953	CC
CD14_Mono	-0.00522763044847355	491_492	CT
CD14_Mono	-0.00455092045797604	384_385	CC
CD14_Mono	-0.000907080517863528	519_520	CT
CD14_Mono	-0.00512765544205473	500_501	CC
CD14_Mono	-0.00390574274369613	477_478	CC
CD14_Mono	-0.00351623857376547	565_566	CC
CD14_Mono	-0.00454561207804811	475_476	CC
CD14_Mono	-0.00596732147571794	476_477	CT
CD14_Mono	-0.00510248105147432	522_523	CC
CD14_Mono	-0.0018547430882568	557_558	CT
CD14_Mono	-0.00280399151463226	520_521	CC
CD14_Mono	-0.00344956025958499	501_502	CC
CD14_Mono	-0.00504922071740979	564_565	CC
CD14_Mono	-0.00354448019523884	198_199	CT
CD14_Mono	-0.00254146999954755	192_193	CC
CD14_Mono	-0.00392305707415705	196_197	CT
CD14_Mono	-0.00277455489484512	241_242	CT
CD14_Mono	-0.00190651013201379	199_200	CC
CD14_Mono	-0.0029976417169778	201_202	CC
CD14_Mono	0.1496631684287	197_198	CT
CD14_Mono	-0.00347584715284842	202_203	CC
CD14_Mono	-0.00354139892698997	203_204	CC
CD14_Mono	-0.0047858189373437	204_205	CC
CD14_Mono	-0.00303265527274946	194_195	CC
CD14_Mono	-0.00317693587093618	200_201	CC
CD14_Mono	-0.00194160303538741	240_241	CT
CD14_Mono	-0.0014709310637659	746_747	CC
CD14_Mono	-0.00322718073667813	818_819	CC
CD14_Mono	-0.00281377844632324	730_731	CT
CD14_Mono	-0.00572650212933473	744_745	CC
CD14_Mono	-0.00243015158603388	983_984	CC
CD14_Mono	-0.000935395508635364	839_840	CC
CD14_Mono	-0.00220603515392116	733_734	CC
CD14_Mono	-0.00460423692826046	742_743	CC
CD14_Mono	-0.0025620464949178	749_750	CT
CD14_Mono	-0.00385294764444798	748_749	CC
CD14_Mono	-0.00305154883464388	745_746	CC
CD14_Mono	-0.00237830990135782	984_985	CC
CD14_Mono	-0.00264929725528	729_730	CC
CD14_Mono	-0.00473359555459497	796_797	CC
CD14_Mono	-0.00218606174026678	795_796	TT
CD14_Mono	-0.00168697807954313	799_800	CC
CD14_Mono	-0.00349687214829135	815_816	CC
CD14_Mono	-0.00209089927019531	798_799	CT
CD14_Mono	-0.00380652022347484	814_815	TT
CD14_Mono	-0.00242902459795288	797_798	CC
CD14_Mono	0.00239803081089502	801_802	CC
CD14_Mono	-0.00103252024156982	750_751	CC
CD14_Mono	-0.00479650671713764	800_801	CT
CD14_Mono	-0.00361166724311091	794_795	CT
CD14_Mono	-0.00114683596362862	822_823	CC
CD16_Mono			
CD4_CTL			
CD4_Naive			
CD4_TCM			
CD4_TEM			
CD8_Naive			
CD8_TCM			
CD8_TEM	0.000789921125460472	683_684	CC
CD8_TEM	0.0387295839319872	684_685	TT
CD8_TEM	0.00520165680733056	687_688	CT
CD8_TEM	-0.00203362330924122	688_689	CC
CD8_TEM	-0.002714329465698	689_690	CC
CD8_TEM	-0.00193320565682183	691_692	CC
CD8_TEM	-0.00204477588954528	686_687	CT
CD8_TEM	-0.000575164927298728	685_686	CT
CD8_TEM	0.00848496496490518	692_693	CT
CD8_TEM	-0.00171893619000159	693_694	CC
CD8_TEM	-0.00187144626804495	682_683	CC
CD8_TEM	-0.00220590363741641	690_691	CT
CD8_TEM	0.00538349468930614	831_832	CC
CD8_TEM	-0.00203347861322874	823_824	CC
CD8_TEM	-0.00206026803890755	830_831	CT
CD8_TEM	-0.00161046821772061	832_833	CC
CD8_TEM	-0.00193577886961114	824_825	CC
CD8_TEM	-0.00183244281733435	842_843	CC
CD8_TEM	-0.00166414146411751	829_830	CC
CD8_TEM	-0.0016934231659598	843_844	CC
CD8_TEM	-0.00184521730825161	825_826	CT
CD8_TEM	-0.00199435406597965	826_827	CT
CD8_TEM	-0.0018780844817024	827_828	CC
CD8_TEM	-0.00127348922050288	848_849	CT
CD8_TEM	-0.00167244747732446	834_835	CC
CD8_TEM	-0.00169915828910762	847_848	CC
CD8_TEM	-0.00149728696467573	850_851	CT
CD8_TEM	-0.00142620743940009	990_991	CC
CD8_TEM	-0.00130528629480261	851_852	CT
CD8_TEM	-0.00119854488242818	846_847	CT
CD8_TEM	-0.00171451312525123	997_998	CC
CD8_TEM	-0.0016816965016045	845_846	CC
CD8_TEM	-0.00153855306486148	836_837	CC
CD8_TEM	-0.00106022874773052	985_986	CC
CD8_TEM	-0.0014906536051582	849_850	CC
CD8_TEM	-0.00172279421532067	989_990	CC
CD8_TEM	-0.00169399616568185	835_836	CC
CD8_TEM	-0.00194672996492714	999_1000	CC
CD8_TEM	-0.00147896626968107	995_996	CC
CD8_TEM	-0.00131659481018877	993_994	CC
CD8_TEM	0.0120596694886574	992_993	CT
CD8_TEM	-0.00192184547960389	996_997	CC
CD8_TEM	0.00111454674683218	994_995	CT
CD8_TEM	-0.00162528548909593	991_992	CC
CD8_TEM	-0.00207238263149609	811_812	CC
CD8_TEM	0.00388907183367372	998_999	CT
CD8_TEM	-0.00162382223614873	810_811	CC
CD8_TEM	-0.00194939297223558	852_853	CC
CD8_TEM	-0.00245121890982697	986_987	CC
CD8_TEM	-0.00217191166923019	812_813	CT
CD8_TEM	-0.00136803710796532	854_855	CT
CD8_TEM	-0.00206114534925285	1004_1005	CT
CD8_TEM	-0.00184515607546331	987_988	CC
CD8_TEM	-0.00188927730000133	857_858	CT
CD8_TEM	0.0032959445229197	856_857	CC
CD8_TEM	-0.00114920363992498	1002_1003	CC
CD8_TEM	-0.00181147000435983	988_989	CC
CD8_TEM	-0.00219495953585749	858_859	CC
CD8_TEM	-0.00216014110679116	1001_1002	CC
CD8_TEM	-0.001468196125983	1000_1001	CT
CD8_TEM	-0.00207094710517691	1003_1004	CC
CD8_TEM	-0.00272092142164102	855_856	CT
CD8_TEM	-0.00209485869803315	859_860	CC
CD8_TEM	-0.00160906332899698	853_854	CC
CD8_TEM	0.00247459999230008	804_805	CT
CD8_TEM	-0.00159270577219521	1007_1008	CC
CD8_TEM	-0.00193014509566776	862_863	CT
CD8_TEM	-0.00210329694231316	860_861	CC
CD8_TEM	-0.00203747209010207	803_804	CC
CD8_TEM	-0.00141434280662572	863_864	CC
CD8_TEM	-0.00153292765369828	802_803	CC
CD8_TEM	-0.000974101424435571	1005_1006	CT
CD8_TEM	0.008667414370978	891_892	CT
CD8_TEM	-0.00171225499851653	864_865	CC
CD8_TEM	-0.00137584777129485	890_891	CC
CD8_TEM	-0.00130211297561937	1006_1007	CC
CD8_TEM	-0.00165587240411401	861_862	CC
CD8_TEM	-0.0020050443739233	805_806	CC
CD8_TEM	-0.00207571562238162	1010_1011	CC
CD8_TEM	0.00779650726190765	892_893	CC
CD8_TEM	0.0012944179723487	1012_1013	CC
CD8_TEM	-0.00169964047740014	1008_1009	CT
CD8_TEM	-0.00190951511561277	1011_1012	CT
CD8_TEM	-0.00235330984266402	809_810	CC
CD8_TEM	0.0338432545834307	808_809	CT
CD8_TEM	-0.00170140994620242	806_807	CC
CD8_TEM	-0.00182689761097549	807_808	CT
CD8_TEM	-0.00177857091068274	1014_1015	CT
CD8_TEM	-0.00168977947102294	893_894	CC
CD8_TEM	-0.00196765623668119	1009_1010	CC
CD8_TEM	0.000408754602332066	1016_1017	CC
CD8_TEM	-0.00158191533798861	1021_1022	CC
CD8_TEM	-0.00188560402555657	1022_1023	CT
CD8_TEM	0.00238229818948123	1020_1021	CC
CD8_TEM	0.000945248064099465	1019_1020	CC
CD8_TEM	-0.00124234252031065	899_900	CC
CD8_TEM	-0.00156843316968113	894_895	CT
CD8_TEM	0.00533761722176642	898_899	CT
CD8_TEM	-0.00182158883919708	1018_1019	CT
CD8_TEM	-0.0014686754777554	896_897	CC
CD8_TEM	-0.0023914959596864	901_902	CC
CD8_TEM	0.00755163202430152	1015_1016	CT
CD8_TEM	-0.00143392429400877	900_901	CC
CD8_TEM	-0.00178682597161868	1023_1024	CT
CD8_TEM	-0.0016757921345746	1032_1033	CC
CD8_TEM	-0.00173510109863696	1025_1026	CT
CD8_TEM	-0.0012400808883443	1028_1029	CT
CD8_TEM	-0.00141291345824695	1027_1028	CT
CD8_TEM	0.00610185852618009	1024_1025	CC
CD8_TEM	-0.00152158442467084	1030_1031	CC
CD8_TEM	-0.00157411166823977	1033_1034	CC
CD8_TEM	0.00295749726240217	1031_1032	CC
CD8_TEM	-0.0020802699582283	904_905	CC
CD8_TEM	0.0031007878761422	902_903	CC
CD8_TEM	-0.00165681582653194	903_904	CT
CD8_TEM	-0.002032069132846	905_906	CC
CD8_TEM	-0.00165177493012302	1026_1027	CC
CD8_TEM	-0.00172272899586792	1029_1030	CT
CD8_TEM	-0.00143787635058716	1036_1037	CC
CD8_TEM	-0.00146476576046274	906_907	CC
CD8_TEM	0.00583642390365195	908_909	CC
CD8_TEM	-0.00180132342528872	1040_1041	CT
CD8_TEM	-0.00182537990444358	909_910	CT
CD8_TEM	-0.00260144420908912	910_911	CC
CD8_TEM	-0.00188943569966177	1034_1035	CC
CD8_TEM	-0.00170460631749133	907_908	CC
CD8_TEM	-0.00129069081300993	911_912	CC
CD8_TEM	-0.00140303937063871	1038_1039	CC
CD8_TEM	-0.00166005273955322	1037_1038	CT
CD8_TEM	-0.00152141104325358	1035_1036	CC
CD8_TEM	-0.00149250005537102	912_913	CC
CD8_TEM	-0.0016369737881663	1039_1040	CC
CD8_TEM	-0.00135934243850442	872_873	CT
CD8_TEM	-0.000541949109917255	914_915	CT
CD8_TEM	-0.00124571543273524	917_918	CC
CD8_TEM	0.00380517225572093	869_870	CC
CD8_TEM	0.00193130660892531	916_917	CC
CD8_TEM	-0.00166638700768114	915_916	CC
CD8_TEM	-0.00181195609752922	1042_1043	CT
CD8_TEM	-0.00171296273179997	966_967	CC
CD8_TEM	-0.00192043318653553	867_868	CT
CD8_TEM	-0.00152838279074552	1041_1042	CC
CD8_TEM	-0.00238584621162634	694_695	CC
CD8_TEM	-0.00145034843802795	868_869	TT
CD8_TEM	-0.00159341702784712	871_872	CT
CD8_TEM	-0.00141627254181199	662_663	CT
CD8_TEM	-0.00183330178292234	696_697	CC
CD8_TEM	-0.00225873888947504	695_696	CC
CD8_TEM	-0.00188321057791318	697_698	CC
CD8_TEM	0.00101239549383401	704_705	CT
CD8_TEM	5.83471881256118e-05	699_700	CC
CD8_TEM	0.00519817580774729	661_662	CC
CD8_TEM	-0.0026669256050486	664_665	CC
CD8_TEM	-0.00248891635473825	701_702	CC
CD8_TEM	-0.00172282621050207	663_664	CC
CD8_TEM	-0.00229441971657476	700_701	CC
CD8_TEM	-0.00174583414594621	702_703	CC
CD8_TEM	0.00159326258554647	881_882	CC
CD8_TEM	-0.00161794409860415	885_886	CC
CD8_TEM	-0.001737468729773	883_884	CC
CD8_TEM	-0.00166580102299689	879_880	CC
CD8_TEM	0.00349309158051507	884_885	CC
CD8_TEM	-0.00227183790409632	880_881	CC
CD8_TEM	-0.00199983536779253	877_878	CT
CD8_TEM	-0.00227827775061978	878_879	CC
CD8_TEM	-0.00225153178756981	874_875	CT
CD8_TEM	-0.00134375139287301	882_883	CT
CD8_TEM	-0.00216041002032646	873_874	CC
CD8_TEM	-0.001937908408759	875_876	CC
CD8_TEM	-0.00215044834255302	876_877	CC
CD8_TEM	0.000299624919751224	886_887	CC
CD8_TEM	-0.00235786297819739	377_378	CT
CD8_TEM	-0.00161297158121986	889_890	CC
CD8_TEM	0.00215532668281851	374_375	CT
CD8_TEM	-0.00269005301235953	372_373	CC
CD8_TEM	-0.00255397438332131	378_379	CC
CD8_TEM	0.00622177650501028	379_380	CT
CD8_TEM	-0.00211543202641127	887_888	CC
CD8_TEM	-0.00161394524297584	373_374	CC
CD8_TEM	-0.00181047441766152	376_377	CC
CD8_TEM	-0.0018339830476758	888_889	CC
CD8_TEM	-0.00250674449232982	371_372	CT
CD8_TEM	-0.00271893226184758	370_371	CC
CD8_TEM	0.00126190598306413	305_306	CC
CD8_TEM	-0.00147667769224875	298_299	CC
CD8_TEM	0.00744195036627954	380_381	CC
CD8_TEM	-0.00160146582571045	299_300	CT
CD8_TEM	-0.00195162921292668	296_297	CC
CD8_TEM	-0.00114015640405744	302_303	CC
CD8_TEM	-0.00165913796891466	297_298	TT
CD8_TEM	-0.00259899548635882	294_295	CC
CD8_TEM	-0.00180683147537668	304_305	CC
CD8_TEM	-0.00183220998402817	301_302	CT
CD8_TEM	-0.00126687608843275	303_304	CC
CD8_TEM	-0.00146870585558913	293_294	CC
CD8_TEM	-0.00176426006054931	295_296	CC
CD8_TEM	-0.00151953103957359	309_310	CC
CD8_TEM	-0.00155730345089354	306_307	CC
CD8_TEM	-0.00165355204781151	317_318	CT
CD8_TEM	0.0139910890793079	316_317	CT
CD8_TEM	-0.000811881082180788	318_319	CC
CD8_TEM	-0.0013944578986198	314_315	CC
CD8_TEM	-0.00126326916499286	310_311	CC
CD8_TEM	-0.00225822656194596	313_314	CC
CD8_TEM	-0.00139800719730609	312_313	CC
CD8_TEM	0.00544762924703113	315_316	CC
CD8_TEM	0.00405507645822991	307_308	CT
CD8_TEM	-0.00150519461565863	311_312	CC
CD8_TEM	-0.00190928245514205	292_293	CT
CD8_TEM	-0.00176289129301628	308_309	CC
CD8_TEM	-0.00170560710451097	325_326	CC
CD8_TEM	0.00212963059824697	1045_1046	CT
CD8_TEM	-0.00147190240454979	320_321	CC
CD8_TEM	-0.00116190419776704	1043_1044	CC
CD8_TEM	0.00278513071257555	324_325	CT
CD8_TEM	-0.00129309645540565	321_322	CC
CD8_TEM	-0.00121860075810277	1048_1049	CC
CD8_TEM	-0.00138685104284784	323_324	CC
CD8_TEM	-0.00175990704488521	1046_1047	CT
CD8_TEM	-0.0014234942266968	1044_1045	CC
CD8_TEM	-0.00171272012927305	322_323	CC
CD8_TEM	-0.0016292865160444	319_320	CC
CD8_TEM	-0.00149337258017261	1047_1048	CC
CD8_TEM	-0.00186658456371512	326_327	CC
CD8_TEM	-0.00155649742826596	1054_1055	CT
CD8_TEM	-0.0015107340761608	1051_1052	CC
CD8_TEM	-0.00162398752812419	1056_1057	CC
CD8_TEM	-0.00167537881592652	1057_1058	CT
CD8_TEM	-0.00251842568883491	331_332	CC
CD8_TEM	-0.000938008187337001	1052_1053	CT
CD8_TEM	0.000315236668395991	333_334	CT
CD8_TEM	0.00350442594480587	1053_1054	CT
CD8_TEM	0.00654031240784101	330_331	CC
CD8_TEM	-0.0017024500130948	1050_1051	CC
CD8_TEM	0.0101476959443515	1049_1050	CT
CD8_TEM	0.00731601152152816	1055_1056	CC
CD8_TEM	-0.00211795788203658	327_328	CC
CD8_TEM	0.00898340720105276	332_333	CT
CD8_TEM	-0.00135637838369802	924_925	CC
CD8_TEM	-0.00144293290760106	922_923	CC
CD8_TEM	-0.0014134675324207	1064_1065	CC
CD8_TEM	-0.00165384386394164	1058_1059	CC
CD8_TEM	-0.00188244131403673	1061_1062	CC
CD8_TEM	-0.000950354913695384	1059_1060	CC
CD8_TEM	0.00103732793247932	1060_1061	TT
CD8_TEM	-0.00158961768177406	1063_1064	CC
CD8_TEM	0.00463913910678676	923_924	CT
CD8_TEM	-0.00123116436297136	334_335	CT
CD8_TEM	-0.00138789629684117	921_922	CC
CD8_TEM	-0.00166177313860781	920_921	CT
CD8_TEM	-0.00151992717904696	1065_1066	CC
CD8_TEM	-0.00161008251117552	1062_1063	CC
CD8_TEM	-0.00170900380609253	759_760	CT
CD8_TEM	0.000811564144524575	769_770	CC
CD8_TEM	0.00630459463388191	760_761	CC
CD8_TEM	-0.0013184010063896	761_762	CC
CD8_TEM	0.0107064170548562	762_763	CT
CD8_TEM	-0.00235160298960822	754_755	CC
CD8_TEM	0.00237159747478757	758_759	CT
CD8_TEM	-0.00152433052024261	291_292	CT
CD8_TEM	-0.00169037512636415	753_754	CC
CD8_TEM	-0.00165775520011527	757_758	CT
CD8_TEM	-0.00240601078595928	755_756	CC
CD8_TEM	-0.00229882540340551	770_771	CT
CD8_TEM	-0.00184211054319239	756_757	CT
CD8_TEM	0.000265905802598505	771_772	CT
CD8_TEM	0.00181463474610222	772_773	CC
CD8_TEM	0.00103640532157103	765_766	CC
CD8_TEM	0.00134495207695657	764_765	TT
CD8_TEM	0.00252842331423598	767_768	CC
CD8_TEM	-0.00219182896134306	766_767	CC
CD8_TEM	0.000891157008977574	774_775	CC
CD8_TEM	-0.00208852376367561	776_777	CT
CD8_TEM	-0.00187946478396268	782_783	CC
CD8_TEM	-0.00206515726193233	786_787	CT
CD8_TEM	-0.00195349504344544	781_782	CC
CD8_TEM	-0.00243218056081149	791_792	CT
CD8_TEM	0.00380372020418328	779_780	CT
CD8_TEM	0.0026221977038548	784_785	CC
CD8_TEM	-0.00184357832438764	788_789	CC
CD8_TEM	-0.00201378089991375	780_781	CT
CD8_TEM	-0.00167717077896891	790_791	CT
CD8_TEM	-0.00219302069449443	787_788	CC
CD8_TEM	-0.00206338260307552	789_790	CC
CD8_TEM	-0.00179634093800384	783_784	CC
CD8_TEM	0.00281635465994441	705_706	CC
CD8_TEM	0.00457863923094096	711_712	CT
CD8_TEM	0.00108389553570926	708_709	CC
CD8_TEM	0.00266826411685632	670_671	CT
CD8_TEM	-0.00182056386874551	667_668	CC
CD8_TEM	0.0013162234927337	706_707	CT
CD8_TEM	0.00284433740192447	668_669	CT
CD8_TEM	-0.00239287119510456	707_708	CT
CD8_TEM	0.00414976329449918	665_666	CT
CD8_TEM	-0.00253135475321432	709_710	CC
CD8_TEM	-0.00222115417604002	669_670	CC
CD8_TEM	-0.00217509112710383	666_667	CC
CD8_TEM	-0.00192600968525357	445_446	CC
CD8_TEM	-0.00171110327815001	453_454	CC
CD8_TEM	-0.00149403779645306	458_459	CC
CD8_TEM	0.015173821185997	459_460	CC
CD8_TEM	-0.00175339937011437	457_458	CC
CD8_TEM	-0.00163652162521203	454_455	CC
CD8_TEM	-0.00258330471554764	446_447	CC
CD8_TEM	-0.0016326137823334	455_456	CC
CD8_TEM	-0.00158473078747904	456_457	CT
CD8_TEM	0.0060770833652547	405_406	CC
CD8_TEM	-0.00297448504722146	443_444	CC
CD8_TEM	-0.00243400919616904	406_407	CC
CD8_TEM	-0.00145272376127127	793_794	CC
CD8_TEM	0.00386674235655359	451_452	CC
CD8_TEM	0.00548177696262148	463_464	CT
CD8_TEM	0.000895261662145034	449_450	CT
CD8_TEM	-0.00224178738881489	461_462	CC
CD8_TEM	-0.00228148717673932	460_461	CC
CD8_TEM	-0.00111065264052888	432_433	CC
CD8_TEM	-0.00161078847180157	452_453	CC
CD8_TEM	-0.00149947273537363	433_434	CC
CD8_TEM	-0.00190564318295298	462_463	CC
CD8_TEM	-0.00151187584778688	448_449	CC
CD8_TEM	-0.00139913399826102	464_465	CT
CD8_TEM	-0.0026390551075721	447_448	CT
CD8_TEM	-0.00170378635812918	431_432	CC
CD8_TEM	0.0219356856698018	450_451	CC
CD8_TEM	-0.00182014716820853	366_367	CC
CD8_TEM	-0.00159377424499311	435_436	CC
CD8_TEM	-0.00144108965093055	361_362	CT
CD8_TEM	-0.00260276047414582	438_439	CT
CD8_TEM	0.00399869966661374	439_440	CC
CD8_TEM	0.00896404706697898	365_366	CT
CD8_TEM	-0.00211569749088921	436_437	CC
CD8_TEM	-0.00134216769448786	367_368	CC
CD8_TEM	-0.00161280035021272	434_435	CC
CD8_TEM	-0.00302626257022687	437_438	CC
CD8_TEM	-0.00217980117402794	364_365	CT
CD8_TEM	-0.00225158888417421	363_364	CC
CD8_TEM	-0.00189120018831547	360_361	CT
CD8_TEM	-0.00163722868747805	426_427	CC
CD8_TEM	0.000676758035209713	359_360	CC
CD8_TEM	-0.00201535870536164	356_357	CC
CD8_TEM	-0.00144097533001312	424_425	CC
CD8_TEM	-0.00146968428047055	429_430	CC
CD8_TEM	-0.00162799338109879	358_359	CC
CD8_TEM	-0.00177779641720275	425_426	CT
CD8_TEM	-0.00234612103192264	357_358	CT
CD8_TEM	-0.001728838958746	423_424	CC
CD8_TEM	-0.00132261751233231	428_429	CT
CD8_TEM	0.00165746184752418	422_423	CT
CD8_TEM	-0.00168538846645788	441_442	CT
CD8_TEM	0.000880583260694305	415_416	CC
CD8_TEM	0.00149166329920672	1073_1074	CC
CD8_TEM	-0.00165826537368654	416_417	CC
CD8_TEM	-0.0021518897301899	442_443	CT
CD8_TEM	-0.00201443456479356	399_400	CC
CD8_TEM	0.00860360739655522	394_395	CT
CD8_TEM	-0.00257238527779211	398_399	CC
CD8_TEM	-0.00207931953036196	417_418	CC
CD8_TEM	-0.0017656272906862	418_419	CC
CD8_TEM	0.0150962026736975	395_396	CT
CD8_TEM	-0.00195409404953152	419_420	CC
CD8_TEM	0.00747208192035355	1072_1073	CT
CD8_TEM	-0.00223773386614414	368_369	TT
CD8_TEM	-0.00192836048557262	396_397	CC
CD8_TEM	-0.00215352486527622	402_403	CC
CD8_TEM	-0.00167041203839073	412_413	CC
CD8_TEM	-0.00189730828564576	390_391	CC
CD8_TEM	-0.00214587846970831	1071_1072	CC
CD8_TEM	-0.00202414658350637	388_389	CT
CD8_TEM	0.000201332641015185	403_404	CT
CD8_TEM	0.0250813748888912	347_348	CT
CD8_TEM	-0.00207589169179414	410_411	CC
CD8_TEM	-0.00187994208511293	389_390	CC
CD8_TEM	-0.00178361272490481	387_388	CC
CD8_TEM	0.0123999943564802	413_414	CC
CD8_TEM	-0.00245607589868812	400_401	CC
CD8_TEM	-0.00282824099740015	414_415	CC
CD8_TEM	0.00753383472571879	404_405	CC
CD8_TEM	-0.00201507799687902	411_412	CC
CD8_TEM	-0.00270028468642209	329_330	CC
CD8_TEM	-0.00236332226719885	328_329	CT
CD8_TEM	-0.00123966380709865	498_499	CC
CD8_TEM	-0.00166653349319827	409_410	CC
CD8_TEM	-0.00119407570723617	342_343	CC
CD8_TEM	-0.00209986794695758	335_336	CC
CD8_TEM	-0.00190167031347653	1070_1071	CC
CD8_TEM	-0.00164520937116107	1066_1067	CC
CD8_TEM	-0.00261604112156755	497_498	CC
CD8_TEM	-0.00307723124960857	494_495	CC
CD8_TEM	-0.00154456469664118	340_341	CC
CD8_TEM	0.001059227592915	336_337	CT
CD8_TEM	-0.00173318767523461	338_339	CC
CD8_TEM	-0.00205463988021966	339_340	CC
CD8_TEM	-0.0019728665030965	486_487	CC
CD8_TEM	0.000499448960116333	488_489	CT
CD8_TEM	-0.00221298460438383	408_409	CC
CD8_TEM	-0.00222042563020845	489_490	CC
CD8_TEM	-0.00216750733720696	421_422	CC
CD8_TEM	-0.0018357887058162	490_491	CC
CD8_TEM	-0.00140925943009668	420_421	CC
CD8_TEM	-0.00187498737743389	337_338	CC
CD8_TEM	-0.00182532755481102	487_488	CC
CD8_TEM	0.00781272505409657	752_753	CT
CD8_TEM	-0.00218839743962023	870_871	CC
CD8_TEM	0.000287732333762544	558_559	CC
CD8_TEM	0.0108715578411297	553_554	CT
CD8_TEM	-0.00285545939299437	496_497	CC
CD8_TEM	0.0184788488642535	552_553	TT
CD8_TEM	0.00390446642283955	348_349	CT
CD8_TEM	-0.00274992272886936	391_392	CC
CD8_TEM	-0.00200342206655444	866_867	CC
CD8_TEM	-0.00158874920041148	559_560	CC
CD8_TEM	-0.00211348159900677	393_394	CC
CD8_TEM	-0.00215729021606078	485_486	CC
CD8_TEM	-0.00204293668038489	554_555	CC
CD8_TEM	-0.00237002829041424	561_562	CT
CD8_TEM	0.00703101066674232	503_504	CC
CD8_TEM	-0.00222764189106372	493_494	CT
CD8_TEM	0.00972004017532484	563_564	CT
CD8_TEM	-0.00273225493987536	98_98	CT
CD8_TEM	0.00367006231794793	562_563	CT
CD8_TEM	-0.00181689287139577	492_493	CC
CD8_TEM	-0.00200461804681906	751_752	CC
CD8_TEM	-0.0025534661408446	516_517	CC
CD8_TEM	-0.00262685088249407	515_516	TT
CD8_TEM	0.011333643357522	517_518	TT
CD8_TEM	-0.00217458402479425	407_408	CC
CD8_TEM	-0.0024453267245665	392_393	CC
CD8_TEM	-0.00256589146673833	502_503	CC
CD8_TEM	0.00355428400599286	675_676	CT
CD8_TEM	-0.00215314390925964	680_681	CT
CD8_TEM	0.00270652735188429	677_678	CT
CD8_TEM	-0.00133888844205464	678_679	TT
CD8_TEM	0.0032023422245302	674_675	CC
CD8_TEM	0.00836059167435143	676_677	CC
CD8_TEM	-0.00193908585983041	715_716	CC
CD8_TEM	-0.00156104083968046	673_674	CC
CD8_TEM	-0.00154015860434888	671_672	CC
CD8_TEM	-0.00171934403338755	681_682	CT
CD8_TEM	-0.00240245627437207	719_720	CC
CD8_TEM	-0.00214546352322487	672_673	CC
CD8_TEM	-0.0020628030546576	716_717	CT
CD8_TEM	0.0097750339545476	679_680	CC
CD8_TEM	-0.00311908453160583	102_102	CC
CD8_TEM	0.00201220012169825	484_485	CT
CD8_TEM	-0.00198602319199606	481_482	CC
CD8_TEM	-0.00152544482924564	479_480	CC
CD8_TEM	-0.00233664664255444	382_383	CT
CD8_TEM	0.00175335722591209	478_479	TT
CD8_TEM	0.0105940171107297	480_481	CC
CD8_TEM	0.00292997661314206	381_382	TT
CD8_TEM	-0.00264134919899817	369_370	CC
CD8_TEM	-0.00192770403019477	383_384	CC
CD8_TEM	-0.00213713169857418	483_484	CC
CD8_TEM	-0.00222640944487901	99_99	CT
CD8_TEM	-0.0019997894109958	101_101	CC
CD8_TEM	-0.00254619965077041	482_483	CC
CD8_TEM	-0.00223497785412293	104_104	CC
CD8_TEM	-0.00205998699613458	528_529	CT
CD8_TEM	-0.00193059589237913	531_532	CC
CD8_TEM	-0.00191595098369503	537_538	CT
CD8_TEM	-0.00247319067342845	105_105	CC
CD8_TEM	-0.00172850404544764	532_533	CC
CD8_TEM	-0.00207482031989856	539_540	CC
CD8_TEM	-0.00189604668994809	538_539	CC
CD8_TEM	-0.00257470963920044	533_534	CC
CD8_TEM	-0.00242351752150816	527_528	CC
CD8_TEM	-0.00227099841215798	505_506	CC
CD8_TEM	-0.00216522932830276	540_541	CC
CD8_TEM	-0.00164809154326246	529_530	CC
CD8_TEM	-0.00191526392866584	530_531	CC
CD8_TEM	-0.00185107084408025	546_547	CT
CD8_TEM	-0.000369890448078545	544_545	CT
CD8_TEM	-0.00144971489243466	534_535	CC
CD8_TEM	-0.00193901631364948	521_522	CC
CD8_TEM	-0.00193450702289275	543_544	CT
CD8_TEM	0.00122274487418157	536_537	CC
CD8_TEM	-0.00242154506624675	541_542	CC
CD8_TEM	0.0190801512477515	506_507	CC
CD8_TEM	-0.00201735398085695	542_543	CT
CD8_TEM	-0.00181605335020558	507_508	CC
CD8_TEM	-0.00142598935572929	524_525	CT
CD8_TEM	-0.00155909115982015	535_536	CC
CD8_TEM	-0.00215142024297516	545_546	CC
CD8_TEM	0.00297078970799302	1068_1069	CC
CD8_TEM	-0.00153238691906072	511_512	CC
CD8_TEM	-0.00204979028351582	555_556	CC
CD8_TEM	-0.00191185319938325	512_513	CC
CD8_TEM	0.009049437868052	547_548	TT
CD8_TEM	-0.00177912903185295	513_514	CC
CD8_TEM	-0.00203337749539299	510_511	CC
CD8_TEM	0.00201412894876657	549_550	CC
CD8_TEM	-0.00162905060754716	509_510	CC
CD8_TEM	-0.00187651955116071	550_551	CC
CD8_TEM	-0.00132447837589152	551_552	CT
CD8_TEM	-0.00212363048109631	112_112	CT
CD8_TEM	-0.00142030080589171	514_515	CT
CD8_TEM	-0.00189375078184649	469_470	CT
CD8_TEM	0.00612623050096558	471_472	CC
CD8_TEM	-0.00260083508672033	600_601	CC
CD8_TEM	-0.00207016295109261	567_568	CC
CD8_TEM	0.00568885210746544	467_468	CC
CD8_TEM	-0.00254044640333398	468_469	CC
CD8_TEM	5.08726433070024e-05	472_473	CC
CD8_TEM	-0.00199460340142251	599_600	CC
CD8_TEM	-0.00208969399656884	525_526	CC
CD8_TEM	-0.00259401216033322	466_467	CC
CD8_TEM	-0.00243599905110972	566_567	CT
CD8_TEM	-0.00250189696444108	569_570	CC
CD8_TEM	0.0116868863432679	570_571	CT
CD8_TEM	0.0212626431451356	110_110	CT
CD8_TEM	0.00504470562499928	109_109	CT
CD8_TEM	-0.00230828916256607	111_111	CC
CD8_TEM	0.00445683340478806	571_572	CT
CD8_TEM	-0.00233889125932817	116_116	CC
CD8_TEM	-0.00164718509443992	107_107	CC
CD8_TEM	-0.00165650724753782	572_573	CC
CD8_TEM	-0.00218153551684731	114_114	CC
CD8_TEM	0.00742727694242013	106_106	CT
CD8_TEM	-0.00202793283572678	117_117	CC
CD8_TEM	-0.00183679092602837	474_475	CC
CD8_TEM	-0.0022323723948765	473_474	CC
CD8_TEM	-0.00188219506024676	108_108	CC
CD8_TEM	-0.00240934725015314	575_576	CC
CD8_TEM	-0.00211189412943112	605_606	CC
CD8_TEM	0.00363220456206647	1076_1077	CC
CD8_TEM	1.42625005836074e-05	1074_1075	CT
CD8_TEM	-0.00211748572154676	603_604	CT
CD8_TEM	0.0122206331712329	574_575	CT
CD8_TEM	-0.00215826702542168	604_605	CT
CD8_TEM	-0.00248270322611387	548_549	CC
CD8_TEM	-0.00173705922282658	621_622	CC
CD8_TEM	-0.00151716114959517	1075_1076	CC
CD8_TEM	0.00698876322057538	573_574	CC
CD8_TEM	-0.00214687846483515	602_603	CT
CD8_TEM	-0.00222147556999689	606_607	CC
CD8_TEM	-0.00252981875661339	616_617	CC
CD8_TEM	-0.00231848116566342	617_618	CC
CD8_TEM	-0.0027123881748822	610_611	CC
CD8_TEM	-0.00285789035875859	620_621	CC
CD8_TEM	0.00528144793420414	611_612	CC
CD8_TEM	-0.00268046478186585	613_614	CC
CD8_TEM	-0.00250455526128072	615_616	CT
CD8_TEM	-0.00213330049868093	607_608	CT
CD8_TEM	-0.00164599733330195	612_613	CC
CD8_TEM	-0.00268977493570338	619_620	CT
CD8_TEM	-0.00265442273918944	614_615	CC
CD8_TEM	-0.00271876070381439	618_619	CC
CD8_TEM	-0.00242817424994027	609_610	CC
CD8_TEM	-0.00222875847738616	608_609	CT
CD8_TEM	0.00216998511640422	470_471	CT
CD8_TEM	0.00742472173467865	576_577	CC
CD8_TEM	0.000454145807471522	622_623	CC
CD8_TEM	-0.00168166604366876	508_509	CC
CD8_TEM	-0.00218570503624755	636_637	CC
CD8_TEM	-0.00213051233895959	499_500	CC
CD8_TEM	-0.00268414820169322	578_579	CC
CD8_TEM	0.00606321106613294	637_638	CC
CD8_TEM	-0.00216694637909507	623_624	CC
CD8_TEM	0.00262610963395143	577_578	CT
CD8_TEM	-0.00272727294624502	638_639	CC
CD8_TEM	-0.00181421693656231	504_505	CC
CD8_TEM	0.00665055253998994	739_740	CT
CD8_TEM	-0.00178294223139124	718_719	CC
CD8_TEM	-0.00175709092676181	717_718	CT
CD8_TEM	-0.00211614516208278	970_971	CC
CD8_TEM	-0.00210093972681307	968_969	CC
CD8_TEM	0.0106373581293033	743_744	CT
CD8_TEM	-0.00223210651527207	740_741	CC
CD8_TEM	-0.0015047226337842	736_737	CC
CD8_TEM	-0.00159874978137399	737_738	CC
CD8_TEM	-0.00165205331638989	738_739	CC
CD8_TEM	-0.00217977709245016	720_721	TT
CD8_TEM	-0.00211318834959424	971_972	CC
CD8_TEM	-0.0022259193840586	722_723	CC
CD8_TEM	-0.00240216084742576	721_722	CC
CD8_TEM	-0.00197706548958162	640_641	CC
CD8_TEM	0.0030777227951128	648_649	CT
CD8_TEM	-0.00212591053533713	650_651	CC
CD8_TEM	0.00333653224223002	641_642	CC
CD8_TEM	0.00799505682999235	579_580	CT
CD8_TEM	-0.00164977064941973	646_647	CT
CD8_TEM	-0.00225067829041135	649_650	CT
CD8_TEM	-0.00208712855239855	652_653	CT
CD8_TEM	0.0354702575106239	639_640	CT
CD8_TEM	0.0306811693307882	645_646	CT
CD8_TEM	-0.00321717179667998	647_648	CC
CD8_TEM	-0.00224475858351706	526_527	CC
CD8_TEM	-0.00287303311450663	651_652	CT
CD8_TEM	-0.00264873283554581	582_583	CC
CD8_TEM	-0.00251959744987644	587_588	CC
CD8_TEM	-0.0024172069710293	586_587	CC
CD8_TEM	-0.00216435338289907	590_591	CC
CD8_TEM	-0.00171473436178452	584_585	CC
CD8_TEM	-0.00220460520962281	589_590	CC
CD8_TEM	-0.00248362015077962	583_584	CC
CD8_TEM	-0.00248808299322039	644_645	CC
CD8_TEM	-0.00230654790866039	585_586	CC
CD8_TEM	-0.00242406272098236	625_626	CC
CD8_TEM	-0.00162782246070122	624_625	CC
CD8_TEM	0.0195942969932537	581_582	CT
CD8_TEM	-0.00283192592729269	580_581	CC
CD8_TEM	-0.0016817065176694	588_589	CT
CD8_TEM	-0.00230557160215077	634_635	CC
CD8_TEM	0.0021437216480076	592_593	CC
CD8_TEM	0.0488072115334719	594_595	TT
CD8_TEM	-0.00271712520240204	345_346	CC
CD8_TEM	0.00883777420785816	344_345	CC
CD8_TEM	-0.00226284945062851	630_631	CT
CD8_TEM	-0.00155864492937482	591_592	CC
CD8_TEM	-0.00225064010699193	593_594	CC
CD8_TEM	-0.00255113174136047	629_630	CC
CD8_TEM	-0.00194539507082953	627_628	CC
CD8_TEM	0.0261701399535576	595_596	TT
CD8_TEM	-0.00201866631168021	628_629	CT
CD8_TEM	0.00983432986861115	626_627	CT
CD8_TEM	-0.00254856942847106	635_636	CC
CD8_TEM	-0.00181683665051324	653_654	CC
CD8_TEM	0.00194038898652494	657_658	CT
CD8_TEM	-0.00249946737581562	655_656	CC
CD8_TEM	-0.00249657560989556	354_355	CC
CD8_TEM	-0.00232879759267902	346_347	CT
CD8_TEM	0.00383441173212296	52_52	CC
CD8_TEM	-0.0027640276466674	350_351	CC
CD8_TEM	0.0575774375752294	654_655	CC
CD8_TEM	0.0158155397031509	658_659	CC
CD8_TEM	-0.00199961003661998	351_352	CC
CD8_TEM	-0.00214379853623692	386_387	CC
CD8_TEM	-0.00241158486893511	385_386	CC
CD8_TEM	-0.00279873974107689	659_660	CC
CD8_TEM	-0.0027176200757493	353_354	CC
CD8_TEM	-0.00176741641331836	41_41	CC
CD8_TEM	-0.00191562813902409	632_633	CT
CD8_TEM	0.00195861679582191	660_661	CT
CD8_TEM	-0.00279536228255777	349_350	CC
CD8_TEM	-0.00213386863814453	43_43	CT
CD8_TEM	0.00415242570376503	596_597	CT
CD8_TEM	-0.00234629841465633	113_113	CC
CD8_TEM	-0.00221466864392519	633_634	CC
CD8_TEM	-0.00217631363996269	465_466	CC
CD8_TEM	0.00308593273008476	352_353	CC
CD8_TEM	-0.00267138038294161	39_39	CC
CD8_TEM	-0.0025876685719245	42_42	CC
CD8_TEM	0.0028205195524798	597_598	CC
CD8_TEM	-0.00186069368553876	40_40	CT
CD8_TEM	-0.00291837906352705	47_47	CC
CD8_TEM	-0.00283286811921791	57_57	TT
CD8_TEM	-0.00189702215426145	75_75	CC
CD8_TEM	-0.00209631735542273	91_91	CC
CD8_TEM	0.0172219044251424	53_53	CT
CD8_TEM	-0.00195812851587045	90_90	CC
CD8_TEM	0.00249841494117415	48_48	CT
CD8_TEM	-0.00209439329275195	92_92	CC
CD8_TEM	0.0132198765610514	89_89	CT
CD8_TEM	-0.00151266736848646	49_49	CC
CD8_TEM	-0.00179106388499818	51_51	CC
CD8_TEM	-0.00235070684793338	58_58	CC
CD8_TEM	-0.00248067039814445	50_50	CC
CD8_TEM	-0.00185927275492539	93_93	CC
CD8_TEM	-0.00293524992744414	56_56	CT
CD8_TEM	-0.00185690289680535	286_287	CC
CD8_TEM	-0.00248437263665	1077_1078	CC
CD8_TEM	-0.0020442417278824	276_277	CC
CD8_TEM	0.00180089567260461	96_96	CT
CD8_TEM	0.0189359791764209	97_97	CC
CD8_TEM	-0.00294254379872653	60_60	CC
CD8_TEM	0.00563933993801311	54_54	CT
CD8_TEM	-0.00235310983654949	55_55	CC
CD8_TEM	-0.00200307832832693	95_95	CT
CD8_TEM	-0.00281997855588892	64_64	CC
CD8_TEM	-0.00256594024879388	63_63	CT
CD8_TEM	-0.00331731015236639	61_61	CC
CD8_TEM	0.00038669807487061	86_86	CC
CD8_TEM	-0.00152088184685363	1081_1082	CC
CD8_TEM	-0.00260186637927556	1078_1079	CT
CD8_TEM	0.00306824175030516	84_84	CC
CD8_TEM	-0.00229432933484775	1079_1080	CC
CD8_TEM	-0.00185324712827627	71_71	CT
CD8_TEM	-0.0017525883350591	1080_1081	CC
CD8_TEM	-0.00243896700758936	163_163	CC
CD8_TEM	0.00935055121391435	85_85	CC
CD8_TEM	-0.00194885143364999	87_87	CT
CD8_TEM	-0.00249589279089928	72_72	CC
CD8_TEM	0.0191388848346854	287_288	CT
CD8_TEM	-0.00206150031315615	70_70	CC
CD8_TEM	-0.0024700395471478	88_88	CC
CD8_TEM	0.0014637680155844	171_172	CT
CD8_TEM	-0.00261468201428071	172_173	CC
CD8_TEM	-0.00346480041079499	164_165	CT
CD8_TEM	-0.00178973003792964	165_166	CC
CD8_TEM	-0.0020513929764387	175_176	CC
CD8_TEM	-0.00195129463327053	173_174	TT
CD8_TEM	-0.00236130928015827	167_168	CC
CD8_TEM	0.00546997467482506	168_169	CT
CD8_TEM	0.0022845453555554	154_154	CT
CD8_TEM	-0.0017746480837497	156_156	CC
CD8_TEM	-0.00240256520792663	170_171	CC
CD8_TEM	-0.00233793684452573	166_167	CC
CD8_TEM	0.0113975292923534	155_155	CT
CD8_TEM	-0.00247320632595373	169_170	CC
CD8_TEM	-0.00241630924588484	141_141	CT
CD8_TEM	-0.00157463456600827	27_27	CC
CD8_TEM	0.00825652551452221	46_46	CC
CD8_TEM	0.00638462627153008	138_138	CC
CD8_TEM	-0.00173752676658274	134_134	CT
CD8_TEM	-0.00188823631393535	142_142	CT
CD8_TEM	0.00166748588544092	139_139	CC
CD8_TEM	-0.00186616053546734	28_28	CC
CD8_TEM	-0.00163740498176005	137_137	CC
CD8_TEM	-0.00182935127306427	25_25	CT
CD8_TEM	-0.00220334638779735	140_140	CC
CD8_TEM	-0.00234697336853173	598_599	CC
CD8_TEM	-0.00299286481966235	723_724	CC
CD8_TEM	0.00114342443985874	972_973	CC
CD8_TEM	-0.00293631634351136	969_970	CC
CD8_TEM	-0.00143553870533116	974_975	CC
CD8_TEM	-0.001345414377869	973_974	CT
CD8_TEM	0.00254865925503981	976_977	CC
CD8_TEM	0.000611039770284191	714_715	CT
CD8_TEM	-0.00268028941756246	975_976	CC
CD8_TEM	-0.00235740254273848	978_979	CT
CD8_TEM	-0.00276140615910863	725_726	CC
CD8_TEM	-0.0018385943999244	726_727	CC
CD8_TEM	-0.00231990079725112	979_980	CT
CD8_TEM	-0.00265575305167755	724_725	CC
CD8_TEM	-0.00260076259906303	977_978	CC
CD8_TEM	-0.0022956749808816	148_148	CC
CD8_TEM	-0.00264582470935562	147_147	CC
CD8_TEM	-0.00208674013371388	145_145	CC
CD8_TEM	-0.0021041608068525	153_153	CC
CD8_TEM	-0.00228130870534803	146_146	CC
CD8_TEM	-0.0023124297653553	144_144	CT
CD8_TEM	-0.00302165964204317	151_151	CT
CD8_TEM	0.00309676522510246	176_177	CC
CD8_TEM	-0.00252660850267331	149_149	CC
CD8_TEM	-0.00219735019718303	152_152	CC
CD8_TEM	-0.00251786167623133	178_179	TT
CD8_TEM	0.00395315108863365	150_150	CC
CD8_TEM	-0.00281751189874793	179_180	CC
CD8_TEM	-0.00300433094296224	177_178	CC
CD8_TEM	-0.00215981954473237	82_82	CC
CD8_TEM	-0.00179850925993974	76_76	CC
CD8_TEM	-0.00206924045170134	81_81	CC
CD8_TEM	0.0106245207022354	45_45	CT
CD8_TEM	-0.0021319611619361	656_657	CC
CD8_TEM	-0.00178506031410497	288_289	CT
CD8_TEM	-0.00225527439831016	83_83	TT
CD8_TEM	0.00471348862870899	78_78	CT
CD8_TEM	0.0235830180353458	77_77	CT
CD8_TEM	-0.00279324219666326	289_290	CC
CD8_TEM	-0.00241208809112708	79_79	CT
CD8_TEM	-0.00192052555393821	180_181	CT
CD8_TEM	-0.00261353222408977	355_356	CC
CD8_TEM	-0.00196008478558743	68_68	CC
CD8_TEM	0.000272364438808187	66_66	CC
CD8_TEM	-0.00269062260409709	280_281	CC
CD8_TEM	-0.00187595644390252	279_280	CT
CD8_TEM	-0.00197106126660584	181_182	CC
CD8_TEM	0.0139670011860851	284_285	CT
CD8_TEM	-0.00287677943732939	278_279	CC
CD8_TEM	-0.00249035983392715	283_284	CT
CD8_TEM	-0.00210924693902132	281_282	CC
CD8_TEM	-0.00165209772633017	290_291	CC
CD8_TEM	-0.00236268997188715	44_44	CC
CD8_TEM	-0.00242287123459683	65_65	CC
CD8_TEM	-0.00289920352256676	282_283	CT
CD8_TEM	-0.00220934046730305	69_69	CC
CD8_TEM	-0.00171371903083658	130_130	CC
CD8_TEM	-0.00223287819306006	133_133	CC
CD8_TEM	-0.00196942526529129	131_131	CC
CD8_TEM	-0.00250401101199775	121_121	CC
CD8_TEM	-0.00268387125545252	129_129	CC
CD8_TEM	-0.00267775698750931	128_128	CT
CD8_TEM	-0.0021126153490591	126_126	CT
CD8_TEM	0.00551468661022569	123_123	CC
CD8_TEM	-0.00213051987576307	132_132	CT
CD8_TEM	-0.00301388816031249	119_119	CC
CD8_TEM	-0.00142792321184253	127_127	CC
CD8_TEM	-0.00211828377070852	125_125	CC
CD8_TEM	-0.0024147587023929	122_122	CC
CD8_TEM	-0.00262982605418213	120_120	CT
CD8_TEM	0.00185074750553869	1_1	CC
CD8_TEM	0.00746592224832732	35_35	CC
CD8_TEM	-0.00212453500975059	2_2	CC
CD8_TEM	-0.0024655618628476	30_30	CT
CD8_TEM	-0.00234284467031235	186_187	CC
CD8_TEM	-0.00159668870510062	38_38	CC
CD8_TEM	-0.00186338677727711	29_29	CC
CD8_TEM	-0.0021944694999364	37_37	CC
CD8_TEM	-0.00266654502733723	187_188	CC
CD8_TEM	-0.0023230849026386	189_190	CC
CD8_TEM	-0.00154761083796248	185_186	CC
CD8_TEM	-0.00169829520213988	33_33	CT
CD8_TEM	-0.0017448819081892	36_36	CC
CD8_TEM	-0.0019408533360536	188_189	CC
CD8_TEM	-0.00259451914449366	191_192	CC
CD8_TEM	-0.00217490891038976	4_4	CC
CD8_TEM	-0.00192319760441149	159_159	CT
CD8_TEM	0.000781478562715731	190_191	CC
CD8_TEM	-0.00287234101201048	158_158	CC
CD8_TEM	-0.00159221613260341	183_184	CC
CD8_TEM	-0.00222081617766198	160_160	CC
CD8_TEM	0.00897573937088631	161_161	CC
CD8_TEM	-0.00237702830485525	182_183	CT
CD8_TEM	-0.00233763860174305	124_124	CC
CD8_TEM	-0.00286378719546476	3_3	CC
CD8_TEM	-0.00191918420779446	184_185	CT
CD8_TEM	-0.00176147133497091	248_249	CC
CD8_TEM	-0.00221313867992788	247_248	CC
CD8_TEM	-0.0019207748907808	244_245	CC
CD8_TEM	-0.00218618330039342	255_256	CC
CD8_TEM	-0.00232536095150891	243_244	CC
CD8_TEM	0.00726589731926283	251_252	TT
CD8_TEM	-0.00201160277393504	6_6	CT
CD8_TEM	-0.00187067650655152	7_7	CC
CD8_TEM	-0.00221832804587223	8_8	CC
CD8_TEM	-0.00244404196755546	245_246	CC
CD8_TEM	-0.00161937974347532	242_243	CT
CD8_TEM	-0.00275306384667354	252_253	CC
CD8_TEM	-0.00248826938981247	250_251	CC
CD8_TEM	-0.00210754589589309	223_224	CC
CD8_TEM	0.0211792404424455	233_234	CT
CD8_TEM	-0.0016797454281186	224_225	CC
CD8_TEM	-0.0025088221569814	229_230	CC
CD8_TEM	-0.00278643318233972	231_232	CC
CD8_TEM	-0.00296563312478453	232_233	CC
CD8_TEM	0.00531271200863481	225_226	CT
CD8_TEM	-0.00283255062660786	236_237	CT
CD8_TEM	-0.00254834763468676	230_231	CC
CD8_TEM	-0.00193198827671148	10_10	CC
CD8_TEM	-0.00170776897184577	11_11	CC
CD8_TEM	-0.00168094225913732	226_227	CC
CD8_TEM	-0.00281575817075157	9_9	CC
CD8_TEM	0.00732757456935011	207_208	CT
CD8_TEM	-0.0021744334368289	208_209	CC
CD8_TEM	-0.0021313907095688	206_207	CC
CD8_TEM	-0.00152133291034674	209_210	CC
CD8_TEM	0.0111849203900381	239_240	CC
CD8_TEM	-0.003143932832605	237_238	CC
CD8_TEM	-0.00248059122953179	238_239	CC
CD8_TEM	0.00737863242638283	246_247	CC
CD8_TEM	-0.00189291273778895	212_213	CC
CD8_TEM	-0.00230740329467357	211_212	CC
CD8_TEM	-0.00216036269339609	214_215	CC
CD8_TEM	-0.00176238528514531	213_214	CC
CD8_TEM	0.004372475466159	980_981	CC
CD8_TEM	-0.00273314004629885	982_983	CC
CD8_TEM	-0.00218776275697127	838_839	CC
CD8_TEM	-0.00212763885094603	734_735	CC
CD8_TEM	-0.00228118781949418	731_732	CC
CD8_TEM	-0.00244899181272178	981_982	CC
CD8_TEM	-0.00250675840137096	816_817	CT
CD8_TEM	0.00529233729475205	819_820	TT
CD8_TEM	-0.00222788767975117	813_814	CT
CD8_TEM	0.00576691202569361	727_728	CC
CD8_TEM	0.00501969420479309	732_733	CT
CD8_TEM	-0.00221603816993122	735_736	CT
CD8_TEM	-0.00231659753557222	13_13	CC
CD8_TEM	-0.00215821036245955	219_220	CT
CD8_TEM	-0.00206263817275223	12_12	CT
CD8_TEM	0.00334218395410987	217_218	CC
CD8_TEM	-0.00263950244712233	215_216	CC
CD8_TEM	-0.00186890594202636	210_211	CC
CD8_TEM	-0.00189331972088906	221_222	CT
CD8_TEM	-0.0024849856636369	222_223	CC
CD8_TEM	-0.00225293649270102	220_221	CC
CD8_TEM	0.0109484888750995	15_15	CT
CD8_TEM	-0.00239915485996171	17_17	CT
CD8_TEM	-0.00206301129242477	262_263	CT
CD8_TEM	0.0162528570730532	258_259	CC
CD8_TEM	-0.00229419701114885	257_258	CC
CD8_TEM	-0.00251296362968807	16_16	CT
CD8_TEM	0.00212901626020572	19_19	TT
CD8_TEM	0.0200315693698902	23_23	CT
CD8_TEM	0.00159796984687566	18_18	TT
CD8_TEM	-0.00253957435417221	256_257	TT
CD8_TEM	-0.00290691914903862	259_260	CC
CD8_TEM	-0.00228961047781868	260_261	CC
CD8_TEM	0.00187697963959498	267_268	TT
CD8_TEM	-0.00192289502572807	270_271	CC
CD8_TEM	-0.00268667940215189	271_272	CC
CD8_TEM	0.000515362897539168	264_265	CC
CD8_TEM	-0.00168716504171021	24_24	CC
CD8_TEM	-0.00176062283681442	274_275	CC
CD8_TEM	-0.00280788928511181	275_276	CC
CD8_TEM	-0.00233595947640686	263_264	CC
CD8_TEM	-0.00195991016519303	273_274	CC
CD8_TEM	-0.00167485836113694	269_270	CC
CD8_TEM	-0.00228867689714909	272_273	CC
CD8_TEM	-0.00235996118791625	266_267	CC
CD8_TEM	1.59165213730285e-06	933_934	CC
CD8_TEM	0.00347754165177884	935_936	CC
CD8_TEM	-0.00195691210095228	929_930	CC
CD8_TEM	-0.00221206284636365	932_933	CC
CD8_TEM	-0.00225541775565867	937_938	CC
CD8_TEM	0.00502633497951119	927_928	CT
CD8_TEM	-0.0018483571311328	934_935	CC
CD8_TEM	-0.00246326941978028	930_931	CT
CD8_TEM	0.0025126692614066	926_927	CC
CD8_TEM	0.00896374510818296	939_940	CT
CD8_TEM	-0.00230129564662341	947_948	CC
CD8_TEM	-0.00183064043159263	940_941	CC
CD8_TEM	-0.00211102461455338	944_945	CC
CD8_TEM	-0.00252589724375045	938_939	CC
CD8_TEM	-0.00213723181599489	949_950	CC
CD8_TEM	-0.0023179203496218	945_946	CT
CD8_TEM	-0.00184648192049856	950_951	CT
CD8_TEM	-0.00226945309068	941_942	CC
CD8_TEM	-0.0018659246884134	942_943	CT
CD8_TEM	-0.0027827340717944	946_947	CC
CD8_TEM	-0.00225894388716212	943_944	CC
CD8_TEM	0.00688145576784448	957_958	CC
CD8_TEM	-0.00194227983717847	952_953	CC
CD8_TEM	-0.00271102333921711	954_955	CT
CD8_TEM	0.00505816946744352	959_960	TT
CD8_TEM	-0.00253164627066993	953_954	CC
CD8_TEM	-0.00172521989371327	962_963	CC
CD8_TEM	-0.00251802581794215	956_957	CC
CD8_TEM	-0.00260796421370084	955_956	CC
CD8_TEM	-0.00327170309457255	951_952	CC
CD8_TEM	-0.00194565058255567	960_961	CC
CD8_TEM	-0.00163056278395788	961_962	TT
CD8_TEM	-0.00163511579947079	958_959	CC
CD8_TEM	-0.00286187325386095	476_477	CT
CD8_TEM	-0.00242941551682145	560_561	CC
CD8_TEM	0.000746166957881616	501_502	CC
CD8_TEM	-0.00203650163974809	520_521	CC
CD8_TEM	-0.00276118085608022	475_476	CC
CD8_TEM	-0.00210853687258658	384_385	CC
CD8_TEM	-0.00277500630171031	477_478	CC
CD8_TEM	-0.00211181703298931	557_558	CT
CD8_TEM	0.00265173367962604	565_566	CC
CD8_TEM	-0.00243631446641335	522_523	CC
CD8_TEM	-0.00200763351875889	564_565	CC
CD8_TEM	-0.0022348783863493	500_501	CC
CD8_TEM	-0.00258330160931034	491_492	CT
CD8_TEM	-0.00198734048258944	519_520	CT
CD8_TEM	-0.00179406921349017	240_241	CT
CD8_TEM	-0.00254930782705929	201_202	CC
CD8_TEM	-0.00243477940712858	203_204	CC
CD8_TEM	-0.00214708174757499	199_200	CC
CD8_TEM	0.007647383324539	202_203	CC
CD8_TEM	0.0340587703660367	198_199	CT
CD8_TEM	0.00851120606192604	241_242	CT
CD8_TEM	0.0205824089553209	196_197	CT
CD8_TEM	-0.00239653120568233	197_198	CT
CD8_TEM	-0.00227007823208205	193_194	CC
CD8_TEM	-0.00237719494634205	204_205	CC
CD8_TEM	-0.00277070844210919	200_201	CC
CD8_TEM	-0.00281641139087465	194_195	CC
CD8_TEM	-0.00259477205675451	192_193	CC
CD8_TEM	-0.00214226075251242	729_730	CC
CD8_TEM	-0.00342355997775396	742_743	CC
CD8_TEM	-0.002713382954456	748_749	CC
CD8_TEM	-0.00221631535226889	984_985	CC
CD8_TEM	0.00240640126893571	983_984	CC
CD8_TEM	0.00287584841928249	749_750	CT
CD8_TEM	-0.00286894651519565	744_745	CC
CD8_TEM	0.0117155852810643	747_748	CT
CD8_TEM	-0.00258242453908308	745_746	CC
CD8_TEM	-0.00240480971047816	818_819	CC
CD8_TEM	-0.00226885020062894	733_734	CC
CD8_TEM	-0.00192505258374252	746_747	CC
CD8_TEM	-0.00232257449114447	730_731	CT
CD8_TEM	-0.0023474558095579	839_840	CC
CD8_TEM	0.00792765124717211	814_815	TT
CD8_TEM	-0.0011562122209675	821_822	CC
CD8_TEM	0.00851611610596553	795_796	TT
CD8_TEM	-0.00312754420620732	794_795	CT
CD8_TEM	-0.00291435790738799	796_797	CC
CD8_TEM	0.00121278212971294	840_841	CT
CD8_TEM	0.00139427835235054	822_823	CC
CD8_TEM	-0.00213829967160728	750_751	CC
CD8_TEM	-0.00287325736472187	800_801	CT
CD8_TEM	0.00110089296001748	815_816	CC
CD8_TEM	-0.00201190422462251	799_800	CC
CD8_TEM	0.0122765916074259	797_798	CC
CD8_TEM	-0.00224302340295439	798_799	CT
CD8_TEM	-0.00203188447838417	801_802	CC
DC			
cDC			
cDC2			
dnT			
gdT			
MAIT			
NK_CD56bright			
NK_Proliferating			
pDC			
Plasmablast			
Treg			
