celltype	geneid	snpid	f.estimate	f.FDR	m.estimate	m.FDR
B_intermediate	RPS25	11:118872741_C	-0.315948373481329	5.81511340721172e-05	-0.133871697737818	1
B_intermediate	KIAA0040	1:175183786_T	0.293447186490775	5.9930679825422e-05	0.109973484746726	0.98128154860359
B_intermediate	CPNE1	20:34371913_C	-0.264895325162046	0.00106690529532808	-0.111543803351962	0.929214044308828
B_intermediate	FAM177B	1:222938770_G	0.26010872471428	0.010203766214555	0.0837700979695597	1
B_intermediate	HMOX1	22:35972304_A	0.248599873032796	0.0175664861381017	0.077034098705271	0.995193871665194
B_intermediate	SCYL1	11:64702200_T	0.255486482474284	0.00892804844390747	-0.0644565891275157	1
B_intermediate	CDC14A	1:100134897_T	0.253880006492986	0.0186120945709527	-0.0223374501756007	1
B_intermediate	EVI2A	17:29734707_A	-0.260902567055096	0.0186036914506115	-0.0968273834396167	0.924288047610982
B_intermediate	POLM	7:44069220_A	0.248592964682823	0.0098920920344614	0.0611960236662169	0.966065131326493
B_intermediate	C11orf83	11:62011245_A	0.241940508718007	0.0349289864005598	0.0464864532297869	1
B_intermediate	RAC1	7:5643479_T	0.242082554219189	0.0098920920344614	0.042714348746749	0.985094216111102
B_intermediate	PHF2	9:96918293_C	0.2395176688084	0.0252373961176843	0.026619392273448	1
B_intermediate	TSPYL5	8:98773471_G	0.237278018195246	0.0179235463613948	0.0302064057460363	1
B_intermediate	PIP5K1B	9:71562780_T	-0.237403719529514	0.0273738818740276	-0.0267697836758956	1
B_intermediate	DHX34	19:47412224_C	0.245456162419088	0.0362590372618657	0.0285091639744374	1
B_intermediate	PTDSS1	8:96737128_C	0.232635603482609	0.0349095527445283	0.0602375561206494	0.982764495384386
B_intermediate	COX6B1	19:36177733_C	-0.241180382901546	0.0451467358660567	-0.124793210656533	0.99587962271149
B_intermediate	ACYP2	2:54109451_A	-0.23065512702307	0.0383400721068142	-0.117466065277884	0.924005642793835
B_intermediate	SNED1	2:241966684_G	0.23267516053059	0.0383400721068142	-0.0261434176545915	1
B_intermediate	LIMS2	2:128375670_T	-0.229141449729677	0.0383400721068142	-0.0717496784762993	0.980794663965658
B_intermediate	FASTKD1	2:169674806_C	-0.226958432121618	0.0383400721068142	0.0616419511020046	0.984840588294372
B_memory	TMEM258	11:61571348_G	0.278168888240365	8.55306362435081e-05	0.0446163200379967	1
B_memory	RNASEH2C	11:65412035_A	-0.277577327805465	9.7082149349266e-05	-0.045466671021622	1
B_memory	SPATA20	17:48625828_T	-0.271506811942293	0.00064866833752233	-0.0493650209032568	1
B_memory	TLE4	9:82185372_G	0.254279644949664	0.00601898438563634	0.0878606712292569	0.995331879838608
B_memory	STMN3	20:61305422_C	0.256844196803229	0.00865662956876677	0.00774029404460174	1
B_memory	TRMT2A	22:19927146_C	0.238865279304292	0.00889617182470055	0.00714975591999793	1
B_memory	RPS23	5:81573992_T	0.248006068367441	0.0294123218653038	0.0507998230815952	0.984961724951664
B_memory	RBM34	1:235054288_G	0.25740320536735	0.00898594941712043	0.030127963134025	0.987874591734819
B_memory	CES1	16:55842404_G	0.245551591462643	0.0160940694624275	0.0734822059962742	1
B_memory	AP003774.1	11:64133552_T	0.244684979942042	0.0163876829251866	0.065846905159692	1
B_memory	CABIN1	22:23599965_C	-0.231625974294205	0.00916367271992306	0.0282776791713593	1
B_memory	LUC7L	16:971775_T	-0.238966503455892	0.0352971034769066	-0.00168323485456811	1
B_memory	IFT27	22:37400976_A	0.227095424446722	0.0131698722670617	0.0623893727608799	0.978785295952628
B_memory	LINC00665	19:36736904_T	-0.24432707044606	0.0180003251547038	0.0310186486625294	1
B_memory	ENPP4	6:45790056_T	0.238618562681207	0.0403096780771587	-0.00491379472698102	0.99895819173797
B_memory	C11orf24	11:68084962_C	0.234536802158419	0.0344238577133907	0.052271331084739	1
B_memory	ICAM3	19:10370133_A	0.234645885355196	0.0193181747225316	0.0763823144744954	0.998658471587195
B_memory	ZNF669	1:246978504_A	-0.238904170869284	0.0430577215356749	0.020415944014268	0.997190084686742
B_memory	ERICH1	8:548788_G	-0.22578038263853	0.046973721682822	-0.0554985128349068	0.990948002213361
B_naive	GNPTG	16:1380761_G	0.303975836906877	3.34590739132026e-05	0.0138190737488021	1
B_naive	SNRPD3	22:24931490_A	-0.285167774671232	1.52176898691997e-05	-0.0646275093445102	1
B_naive	EIF2A	3:150292771_C	0.29062178351808	3.63537067466165e-05	0.0281211644374128	0.993553084627323
B_naive	C11orf80	11:65843778_A	0.280827747511161	4.8409958366028e-05	-0.02539485076769	1
B_naive	TMEM230	20:5055138_G	0.274600068880075	5.30435959621999e-05	0.0891378195431577	0.988846959480079
B_naive	SNRNP25	16:109671_G	-0.260497111750073	0.00321820073779616	-0.089849791619915	1
B_naive	CUTA	6:33827364_A	-0.258324881185329	0.00248232550347669	0.0109646211111692	1
B_naive	RNF13	3:149488932_T	0.257701248074401	0.00229435976895322	0.0618215936435811	0.974193077405558
B_naive	AC073072.5	7:23627287_T	0.252224442148721	0.00295543045471188	0.00410706428070677	1
B_naive	MRPL21	11:68743353_G	-0.25411201983181	0.00208774563946327	-0.0910246587731704	0.994028867190789
B_naive	ZDHHC2	8:17418800_A	0.245503372651158	0.00526014630372328	-0.0663063875058532	0.994904933228128
B_naive	CLK4	5:178085216_A	0.254645334732016	0.00739540808856266	0.0976279613574326	1
B_naive	KIAA1407	3:113834627_T	0.249100692664333	0.0101965182237218	0.0354015070181677	0.993553084627323
B_naive	FMO5	1:146576094_A	0.246450518521458	0.00771297459376843	0.0640440331363946	1
B_naive	ZC2HC1A	8:79593748_C	0.240596856734193	0.008880639981881	-0.0207416027245007	1
B_naive	TMEM102	17:8201317_G	-0.233990870997309	0.0197606185057528	-0.0322273365129343	1
B_naive	CCDC126	7:23724778_A	0.243204526134781	0.00868850849657276	0.0228567388206562	0.997424452647373
B_naive	CIR1	2:175288009_T	0.241117475687296	0.00613427591079002	0.0230983646939325	0.99321718444952
B_naive	ZFAND2A	7:1141528_C	0.241028586655687	0.00935977328939268	0.0274513222234021	0.997424452647373
B_naive	ZNF717	3:75861184_T	-0.242142471658094	0.0187863895461068	-0.0352962910762742	0.993553084627323
B_naive	TSTD3	6:100080370_T	-0.238097555504152	0.0113165814291628	-0.0389200102780843	0.983144370364521
B_naive	GYPE	4:144849073_G	0.230340095123132	0.0286723557572012	-0.0613298535532791	0.990572887166598
B_naive	EIF2S1	14:67452834_A	-0.246704496258044	0.0381625864191408	-0.0101240412760185	1
B_naive	KLHL18	3:46978923_G	-0.239208258370688	0.020792791944832	0.0349540751067642	0.993553084627323
B_naive	C17orf89	17:79087537_C	-0.22641806964924	0.0356532244574146	-0.0147581823606024	1
B_naive	LINC00665	19:37358974_C	0.239563930304955	0.0143042915368336	0.038194454433869	0.998138179828681
B_naive	AF213884.2	4:103121300_A	-0.228015983817688	0.0394673164653152	0.0327695485531909	0.990572887166598
B_naive	SELM	22:31117495_C	-0.229547239777954	0.0391056870024998	-0.00691285008525785	1
B_naive	SLFN12L	17:33512756_T	-0.225796667547049	0.0356532244574146	-0.0622076426492702	1
B_naive	PTPRN2	7:157335738_C	-0.234472361885607	0.012115327336146	-0.0167348211849659	1
B_naive	TK1	17:76878902_C	0.225303807939013	0.0356532244574146	0.018256878180063	1
B_naive	ARL17A	17:44041987_C	0.224909524277252	0.0356532244574146	0.0734110135635285	1
B_naive	ACACA	17:36224975_G	0.224841871667477	0.0356532244574146	0.00161585811033296	1
B_naive	AAGAB	15:66861352_G	-0.239101473894712	0.00893525303493641	0.0463937888525988	0.992213836531
B_naive	IL32	16:2365288_T	-0.235820151014014	0.0278446607913422	0.00455818675890965	1
B_naive	BCR	22:23504959_T	0.225352803836012	0.039551482099371	0.0452401742044237	1
B_naive	MPHOSPH6	16:82201898_A	-0.232945705176382	0.0340420456836925	-0.100771362195605	1
B_naive	UFL1	6:97731163_T	-0.229316442643276	0.0248496502388401	-0.0182331180252893	1
B_naive	C22orf34	22:50726673_A	-0.22476212712098	0.039551482099371	-0.0655481144626324	1
B_naive	RRAGC	1:39145901_T	-0.229685140226766	0.0227389635806483	0.000678967093828932	1
B_naive	C6orf89	6:36950412_A	0.228210725185619	0.0284778578461398	0.0361793288271089	0.983580545665993
B_naive	DR1	1:93747683_G	0.229233989938206	0.0236715558172562	-0.0218788300001195	1
B_naive	CEBPB	20:47973750_C	-0.226936764324263	0.0289640487951631	0.0283708022940911	1
B_naive	SLC2A6	9:136362682_G	0.226939414038998	0.0487727942221761	-0.0489162512686505	0.991450303219453
B_naive	LRPPRC	2:44856449_T	-0.225296019867155	0.037238997906041	-0.0482432787799267	0.982567950027209
B_naive	MYH9	22:37777783_T	0.221823675836682	0.039551482099371	-0.0197632942674878	1
B_naive	OGFOD2	12:122475739_T	-0.232110794370203	0.0302504077490152	-0.0214024257914862	1
B_naive	THOC5	22:29522486_C	0.21919014876374	0.0405133359816302	-0.0371172863364857	1
B_naive	CHD6	20:41006367_G	0.222844922640616	0.0410509788102499	-0.00183270975232784	1
B_naive	RBM39	20:34147998_G	0.222382773586359	0.0425533598140629	0.0286323167746856	1
B_naive	CSNK2A1	20:1323934_C	-0.222057181088283	0.0436846073792611	0.0219519785851928	1
B_naive	RNF216	7:5510159_A	-0.221255280475412	0.0480798160671392	-0.00976538036185149	1
B_naive	TACC1	8:38627361_C	-0.215948719093997	0.0362589980888349	-0.0762909933386656	0.994904933228128
B_naive	TCEB1	8:74487451_C	-0.21516296425443	0.0382834552601176	0.0167707219340177	1
B_naive	MIF	22:24224268_G	-0.215029180438566	0.0481326600998606	-0.0657180451849432	1
B_naive	YWHAH	22:32472459_C	-0.214925966046431	0.0483660201398724	-0.0451357719804804	1
CD14_Mono	CAPG	2:85615750_G	-0.297329170603284	0.00020802805320403	-0.103840108536945	0.973173943304697
CD14_Mono	RBM19	12:114878087_C	-0.268204229959947	0.00235843928666858	0.0423077160433159	0.992971336082962
CD14_Mono	HAGHL	16:740404_G	0.276105459514926	0.000682221315387993	-0.0248654931807875	0.999802380912148
CD14_Mono	TNFRSF18	1:2086561_G	-0.264570658541729	0.00278098207460396	0.0779312842762347	0.981131787951638
CD14_Mono	MXRA7	17:74699110_A	0.271156759955459	0.00502506797935966	0.0873500576521758	0.96417025892217
CD14_Mono	VAV2	9:136647997_T	0.262103116914595	0.0157313161300779	-0.00714100808880978	1
CD14_Mono	THBS1	15:39617951_G	0.257141585214682	0.0064371532176164	0.110669107642953	1
CD14_Mono	RNF166	16:88727519_C	0.259744726060996	0.00416223356298236	0.113508342442596	0.975499728309675
CD14_Mono	SPSB2	12:7021089_A	0.247466772642896	0.0196100703570365	0.0490549012177157	0.991068246225207
CD14_Mono	ABCG1	21:43658226_C	-0.239862480639433	0.00966219242143405	0.022262995024715	1
CD14_Mono	C1orf216	1:35244788_T	0.244642150885968	0.0236569255348584	0.0196637043371437	1
CD14_Mono	CHMP4B	20:31938224_C	-0.244312090892541	0.0210566195430484	-0.0412783840605055	1
CD14_Mono	TRABD2A	2:85816334_G	-0.253906610837652	0.00810825014913962	0.0882246866248295	0.973173943304697
CD14_Mono	LAMP5	20:10074806_A	-0.244187133049424	0.0216694504578929	-0.00135178051976671	1
CD14_Mono	ZSWIM7	17:16254494_G	0.253398203333816	0.020432311075249	0.0493986708614319	1
CD14_Mono	BRK1	3:10219158_G	-0.253922998318499	0.0273042599879322	-0.0747324230654585	1
CD14_Mono	CRADD	12:95243668_T	0.240307287776372	0.0345386107248166	-0.0420490697002798	0.992971336082962
CD14_Mono	IRF2BP2	1:234400486_G	0.240287472390576	0.0377674748394273	0.0308070118474498	1
CD14_Mono	SPATC1L	21:47970933_C	0.232963257643352	0.0133120270961681	0.0191025162628023	1
CD14_Mono	CRYGS	3:186348527_A	-0.248220934380612	0.0273042599879322	0.0259907483234069	1
CD14_Mono	WIPI2	7:5526789_G	0.235884672990939	0.0315763292817934	-0.0127881146852678	1
CD14_Mono	GNB2	7:100878599_A	-0.233981467601306	0.041297445354893	-0.0219823320811556	1
CD14_Mono	GAA	17:78136451_C	-0.240999665735864	0.0323315586471875	-0.0800446988482952	0.964290721816312
CD14_Mono	ARHGAP17	16:24475156_G	0.231869115863189	0.0303758878159137	0.0267250783206494	0.999802380912148
CD14_Mono	FAHD1	16:1893122_C	-0.228080453619099	0.0303758878159137	-0.0442088668911826	0.999802380912148
CD14_Mono	KLHL36	16:84386087_C	-0.227570749813053	0.0303758878159137	-0.1098344188242	0.975499728309675
CD14_Mono	C1D	2:69111995_C	-0.23436378394779	0.0418108091496359	0.00659739272961662	1
CD14_Mono	FLYWCH2	16:2948706_T	0.224099629767847	0.0351611146607129	0.0654165421440488	0.997487760524007
CD14_Mono	CLEC16A	16:10726161_T	-0.222898958250616	0.0419009004967266	-0.00793292878370202	0.999802380912148
CD16_Mono	RIN1	11:66080402_T	-0.342387517606249	5.28072272430337e-05	-0.139060354970379	0.859757105670869
CD16_Mono	TIMM10	11:57283988_T	-0.310937423077437	5.28072272430337e-05	-0.111563819940166	0.945219738285425
CD16_Mono	SERPINB9	6:2858481_T	0.317981482971407	7.98319045636037e-05	0.12006551236669	0.869669493001258
CD16_Mono	DNAL4	22:39965471_A	-0.277892067945141	0.00445203589396168	0.0323577263160371	1
CD16_Mono	ALKBH3	11:44883183_G	-0.278309127568446	0.00715964805649846	0.0990676804235419	0.954755802061688
CD16_Mono	GM2A	5:150618993_T	0.282914245866637	0.0292654009367095	0.010820135366981	0.98252888450902
CD16_Mono	CENPP	9:95583518_C	0.276268546400087	0.00484221762913603	0.0212014151989797	1
CD16_Mono	BATF3	1:212863052_T	0.266361914647696	0.0337445460870418	0.0490575802886463	0.997519626158283
CD16_Mono	PLEK	2:68623270_T	-0.287186120608889	0.00569105474276154	-0.108744448337789	0.973131711460625
CD16_Mono	SLX1A	16:30434012_A	0.271653217036869	0.0305541708968023	0.0653092604738105	0.987813277386274
CD16_Mono	ERP29	12:112295190_C	-0.26092605215787	0.0136757521604613	-0.0945255911005187	0.96506530939102
CD16_Mono	ZNF83	19:53131522_C	-0.263960992276011	0.0234317639732679	-0.0931504471080002	0.978001186562181
CD16_Mono	TRMT112	11:64078943_G	-0.263901189417031	0.0224025671787361	-0.134139783688826	0.868945041648331
CD16_Mono	ZDHHC8	22:19649005_A	0.259771728979846	0.0105405571979868	0.0237910619052915	1
CD16_Mono	ARL16	17:79694819_A	0.268034986141642	0.0332779634967352	0.0444602699977586	1
CD16_Mono	DENND4C	9:19312324_C	-0.267711387656414	0.0125633257611719	-0.0270757491497149	1
CD16_Mono	CD320	19:7535249_A	-0.262131623951592	0.0280788174646888	-0.00570349958593627	1
CD16_Mono	FAH	15:81066558_G	-0.262503409382481	0.0206984482654062	0.0160890185694617	1
CD16_Mono	SAFB2	19:5320697_G	0.260705809548335	0.0313252865611075	0.0455462870958144	1
CD16_Mono	PPP1R14B	11:64213634_A	0.259733273739687	0.0295232379762639	-0.00809528672813199	1
CD16_Mono	GIMAP7	7:150308090_G	-0.257339033744194	0.0337997026382912	-0.0601221139791938	1
CD16_Mono	EMR2	19:14855277_C	-0.253425784027599	0.0405939094119412	0.0115052294770292	1
CD16_Mono	ZNF180	19:45042765_C	-0.252511699939858	0.0434327527051892	0.0248561192345835	1
CD16_Mono	GDPD5	11:75487322_T	-0.250578991177682	0.0490940140436978	-0.0192026227196057	1
CD4_CTL	RHOQ	2:46881613_A	-0.356073541839923	0.00101331161872656	0.089678995546434	1
CD4_CTL	CRKL	22:21406091_T	0.312672351060135	0.0245337714995142	0.0103639756984329	1
CD4_CTL	C10orf128	10:50417049_G	-0.334137250552003	0.00760774983036093	-0.104827962698322	1
CD4_CTL	HIST1H1E	6:25435184_G	0.288176593780691	0.0479009174031623	0.0279632544048378	1
CD4_CTL	LEAP2	5:133004673_A	-0.298008401891304	0.0276188545418005	0.0335648089040575	1
CD4_Naive	AC073115.7	7:45957678_C	0.304994592848253	7.28500754331273e-06	0.0218793544057924	0.998291615111214
CD4_Naive	RPS16	19:39914308_T	0.284148078171735	1.45729203865932e-05	0.0430094260240537	0.990367007825716
CD4_Naive	CNOT11	2:101833032_G	0.270517876250427	3.67677700674152e-05	0.0524841487599906	0.961905703423482
CD4_Naive	FOXO3	6:109526289_G	0.260357492337273	0.000363055245074453	0.0163686945744128	0.999739751149961
CD4_Naive	DCAF13	8:104357600_T	-0.260571391134533	0.000413288042838589	-0.0521296884306245	0.983645829681524
CD4_Naive	ANGEL2	1:213146944_G	-0.257808996939029	0.000552551665229175	-0.0668141921254455	0.95234841702566
CD4_Naive	RABL2A	2:114447904_G	0.25136716219119	0.00146811357162605	-0.050189108231695	0.961905703423482
CD4_Naive	ARAP3	5:141481233_A	-0.253128793337963	0.00109997703257903	-0.031134099243134	0.991252141096944
CD4_Naive	NOL11	17:66656573_G	0.252403060848663	0.00136062956302649	0.073373467254589	0.985069301288593
CD4_Naive	FZD6	8:104221137_G	-0.253301123091903	0.000875351551256098	-0.0511807622864196	0.987345802765837
CD4_Naive	TRMT12	8:125567019_G	0.252530491523448	0.000951884302070314	0.0452308938318582	1
CD4_Naive	NSFL1C	20:2402525_T	-0.251884906722384	0.0010766202459926	0.0031937488353032	1
CD4_Naive	MMAB	12:109997164_T	-0.250658395066517	0.00231004134174694	-0.0398956391035305	0.99185997722141
CD4_Naive	CORO2A	9:101869278_A	0.252568953514679	0.00131579043246689	0.0318771750028114	1
CD4_Naive	MZT2B	2:130943974_C	0.242281696210608	0.0024989586767376	0.0288556766465633	0.983855378072842
CD4_Naive	DLEU2L	1:64394162_A	-0.248096868669437	0.00196204565025386	0.0102726084392889	0.994510052906752
CD4_Naive	PDCD4	10:112608627_A	0.248065610914446	0.00132684841136695	0.0597055451111381	0.967706225933071
CD4_Naive	LINC00951	6:40409727_A	0.243831038882806	0.00165217010085273	-0.00415095795485478	1
CD4_Naive	CEP128	14:81435483_G	0.251442815817263	0.00146099904932651	0.0500289648667629	0.970976172263837
CD4_Naive	RERE	1:8724522_T	0.246210817452066	0.00223711291595346	0.0554785972250935	0.977130560808107
CD4_Naive	ZNF544	19:58797344_C	-0.249975668756337	0.00258898414510671	-0.0698477597301489	0.976045409801571
CD4_Naive	LRRC28	15:100550722_G	-0.252951220084945	0.00224862026522967	-0.0226453398353582	0.984791707252628
CD4_Naive	ACBD3	1:226378436_A	0.244436107219964	0.00256316186528588	0.0652279522617855	0.955301445349171
CD4_Naive	MX1	21:43053447_T	0.232993368676165	0.00416625938552602	0.0220859093435611	0.991674896617332
CD4_Naive	ZFYVE19	15:40737490_T	-0.250416381592896	0.00266590313969626	-0.0494844734619153	0.970646173707834
CD4_Naive	PACRGL	4:20625689_T	-0.234260529170888	0.00383971067264406	0.00228096733285306	0.995419920819167
CD4_Naive	CDC42BPA	1:227587407_A	-0.239426602806484	0.00355139071850823	-0.0479530905409358	0.977130560808107
CD4_Naive	TNRC6A	16:24693048_G	-0.240458179767425	0.00451132519984768	-0.0663768859425932	0.984112549549424
CD4_Naive	DERL2	17:5511438_T	0.234210437693934	0.00481795008222461	0.00738800805946702	1
CD4_Naive	PPARGC1B	5:149284884_G	0.234255918077046	0.00839338233613739	0.0523281488939833	0.960453346346637
CD4_Naive	NARFL	16:781633_A	0.238816171784673	0.0049442433795122	0.065093225941761	0.986435377588684
CD4_Naive	GBA	1:155149718_A	-0.236353193455922	0.00397446284400984	-0.0483613970751404	0.977130560808107
CD4_Naive	FOPNL	16:15999132_T	0.237412267113445	0.00559024078953883	0.0576468445435134	0.987018251952862
CD4_Naive	C1orf174	1:3831103_A	0.23457008926472	0.0042503329038236	0.0550750006819762	0.977130560808107
CD4_Naive	RAD9B	12:110039060_A	0.234112849679195	0.00553468110836258	-0.00993189038771131	1
CD4_Naive	TMEM132E	17:33081805_G	0.230891584576139	0.00481795008222461	-0.0165546619453565	1
CD4_Naive	METTL2B	7:128117227_A	0.231939475463751	0.00896032007563938	-0.00381640057236043	1
CD4_Naive	SNRPF	12:96200660_A	0.233331339358975	0.0057361691527733	0.0149765917019195	1
CD4_Naive	CASP3	4:185651617_G	-0.227560073668143	0.00616637066449417	-0.0522999345958336	0.946880069559371
CD4_Naive	FAM221A	7:23737795_C	0.231262523351899	0.00924902810575614	0.0511210642061041	0.98599631212641
CD4_Naive	ISM1	20:13233011_C	-0.233531900739922	0.0117142416568831	-0.0642030525601327	0.962552092892762
CD4_Naive	PRKCA	17:64169087_T	0.227693348608484	0.00481795008222461	0.0153523906711029	1
CD4_Naive	LMOD3	3:69100108_A	-0.231739080537332	0.0120809716857379	-0.0257418234566214	1
CD4_Naive	AP001055.6	21:46352040_A	0.220718902647702	0.0135542366036932	0.020108462785157	0.991674896617332
CD4_Naive	FAM85A	8:11712443_C	-0.22801940030648	0.00740310575643783	-0.0473635041981944	1
CD4_Naive	ZNF525	19:53843284_T	0.236608047613089	0.00718349450764418	-0.00325457963357261	1
CD4_Naive	MTFMT	15:65284788_T	0.239538955147775	0.00753327449504522	0.0346597229253627	0.984319978230319
CD4_Naive	R3HCC1L	10:100240246_C	-0.230688610855439	0.0107194283734274	-0.0515725863128849	0.99357655347824
CD4_Naive	ARHGAP44	17:12929625_G	0.225949031426689	0.00481795008222461	0.0492216767485768	1
CD4_Naive	ANKRD17	4:73930552_A	-0.223778531399819	0.00836216784355545	0.0128715469243922	0.984103116950801
CD4_Naive	WDR66	12:122478860_T	-0.228656321446239	0.00863387477104595	-0.0610904129597665	0.970215375311254
CD4_Naive	DNAH6	2:84911517_T	0.222792247914947	0.0090436287805919	0.0356020168818522	0.978704282692459
CD4_Naive	IGSF9B	11:133667121_A	0.226130305718599	0.00998440061956661	-0.0464065371462487	0.999963801499072
CD4_Naive	KCTD11	17:7395549_G	-0.224411265905125	0.00481795008222461	-0.0347801050661606	1
CD4_Naive	MPP7	10:29277762_A	-0.228847983258982	0.0124716167592268	0.0022495849298039	1
CD4_Naive	KIR3DL2	19:55428916_T	-0.233714932689692	0.00899283790586714	-0.0656174296715864	0.976712346290677
CD4_Naive	GOLGA6L20	15:82422020_T	-0.236905928774555	0.0102032566225147	-0.0181643267503295	0.992517357865681
CD4_Naive	NSMF	9:140304779_G	-0.23008698036289	0.0108469153148153	-0.0733102284563167	0.97867516028217
CD4_Naive	SRBD1	2:45985859_G	0.221684183687496	0.00984148787976388	0.00642917456731686	0.994989474054473
CD4_Naive	OGFOD3	17:80282303_C	-0.223065739650163	0.0053775166697326	-0.0489528153976066	1
CD4_Naive	ZNF471	19:56074231_C	-0.232511543316401	0.0101432812467648	0.033620450230469	0.995884738340781
CD4_Naive	CTSB	8:11745820_A	-0.223710827705164	0.0105211137371687	-0.0520697785478974	0.983876434879629
CD4_Naive	ABI2	2:204530789_T	0.220666094787752	0.0106648933000244	0.00295943403151308	0.999280364811661
CD4_Naive	APOBEC3F	22:39254437_A	0.225258724489366	0.0122608614651242	0.0441705532943602	1
CD4_Naive	MINA	3:97502472_A	0.22701612480222	0.0212775822952441	-0.0179107061724355	1
CD4_Naive	TTC13	1:231090578_A	-0.226180245200314	0.00882722144890986	-0.0384148307890891	0.977130560808107
CD4_Naive	MARK2	11:63787203_C	0.22414956712636	0.0115609089252378	0.030013894252523	1
CD4_Naive	SGOL1	3:19812826_T	0.226719577999273	0.0219300825201005	0.0613490619883765	0.991454614457031
CD4_Naive	UBXN4	2:136812931_T	0.220181817920895	0.0110887984688144	0.045206537160565	0.966891060720156
CD4_Naive	KCNQ1OT1	11:2681632_C	0.223800686749835	0.0118764756913801	0.0647890965370192	0.97738187867203
CD4_Naive	NT5C2	10:104896563_G	0.226851908377014	0.0138215789747227	0.0575123136069226	0.975865724542825
CD4_Naive	KIAA0232	4:7356687_A	0.22043596324543	0.0103806348535713	0.00511019640498879	0.984765931861918
CD4_Naive	CASP7	10:115505635_G	0.226767969522532	0.0138700010122242	0.00643856214363405	1
CD4_Naive	RBM17	10:5747665_A	-0.22662820636438	0.0139500731929336	0.0465024959465426	0.993639907904391
CD4_Naive	MARK3	14:103823243_C	0.230864577172362	0.0121301020096862	0.0485349812747543	0.970996122410546
CD4_Naive	NUAK2	1:205262503_T	-0.22523432707533	0.00986150986817982	-0.0126937572138785	0.994510052906752
CD4_Naive	ZNF680	7:63671568_G	0.224056755492563	0.011132831966463	0.0595272378856701	0.968347106555871
CD4_Naive	SLC25A37	8:23474953_C	0.222303219568903	0.0119494308299016	0.0544333094349821	0.979879903244384
CD4_Naive	SLFN12L	17:33433849_T	0.21980058011665	0.00785386959715173	-0.0369000463063695	1
CD4_Naive	C1D	2:68069330_A	0.218690028958859	0.0125341750951228	-0.0115252806017489	0.992367922289434
CD4_Naive	C1orf162	1:111856619_T	0.22428177157723	0.0110497317461933	-0.0368294337115158	0.977130560808107
CD4_Naive	TSPAN32	11:2372177_A	-0.222313313205921	0.0134018771708115	-0.0557536762454167	0.988401529427049
CD4_Naive	AEBP2	12:19299417_A	-0.224349415590979	0.013361312319094	-0.0371603381037173	0.99185997722141
CD4_Naive	MGARP	4:139311020_T	0.219078550986232	0.0115226148589853	0.014561342415751	0.984103116950801
CD4_Naive	KLHDC7B	22:50981942_T	0.22311141160556	0.0127240973796627	0.0160448422037196	1
CD4_Naive	PRTFDC1	10:25600386_G	-0.2250624849996	0.014863476376087	0.018647449367033	1
CD4_Naive	MPHOSPH10	2:71516295_T	-0.21776726702636	0.0135377703209734	0.0243870563765211	0.98569594911052
CD4_Naive	NAGPA	16:5061883_C	0.226740871754251	0.0151431323366328	0.00102116350395442	1
CD4_Naive	LDOC1L	22:44931592_A	-0.222363440697111	0.0130073802611503	0.0284675914715621	1
CD4_Naive	OTUD6B	8:92325913_G	-0.220126169211565	0.0145337802397572	-0.0462080352104767	1
CD4_Naive	GUK1	1:227942377_T	-0.222843998225432	0.013153223412638	-6.59991115671233e-05	1
CD4_Naive	EML3	11:61823386_C	0.220926243628667	0.0151461096718421	-0.0160476076048297	1
CD4_Naive	FAM49B	8:131467319_A	-0.220084377767322	0.0145865464356911	-0.0301462950768256	1
CD4_Naive	SLC25A11	17:4952312_T	0.218031078539339	0.0106436824437573	0.0560251205408626	1
CD4_Naive	ADAM12	10:126756553_G	0.224045571985406	0.015563698845344	-0.0434285790731594	0.993639907904391
CD4_Naive	CRBN	3:3158309_T	0.223709712153104	0.0279207032701378	0.064087108339645	0.983168313601088
CD4_Naive	ANPEP	15:89450836_A	0.231976899861532	0.0166358556774998	-0.00532279849171741	0.998154386142208
CD4_Naive	MYL5	4:1050027_A	-0.216799609672818	0.0139851708088	-0.0363637434470071	0.959910347193554
CD4_Naive	GMPR	6:16801767_C	-0.218742385829331	0.0187361128833262	-0.000949725571370629	1
CD4_Naive	GALK1	17:74338876_T	0.216995309715078	0.0130738101668293	-0.0778826708531755	0.985069301288593
CD4_Naive	CALCOCO2	17:47142930_C	0.216934778208282	0.013236631096286	0.0178523314302598	1
CD4_Naive	SPATA24	5:138738096_T	-0.220155443682235	0.0225473646321571	-0.0143797805025997	0.991336330606426
CD4_Naive	TRABD	22:49670134_G	-0.220348002309437	0.0146294270948325	-0.0359873093329145	1
CD4_Naive	PTPLA	10:17576155_T	-0.222642837273749	0.0168092317579163	-0.0228747281889123	1
CD4_Naive	RBM7	11:113949232_C	0.219482127388873	0.0173993348639916	0.0381567790330475	1
CD4_Naive	C9orf69	9:139050647_G	-0.22414186656042	0.0189965458367379	0.0127898926223693	1
CD4_Naive	ZFP36L1	14:69272319_T	0.22693577801626	0.0179474401157869	0.0636008672817138	0.968953276363452
CD4_Naive	ZBTB38	3:141190538_A	0.222391096707775	0.0298868074840207	0.0639415130035623	0.98374734011589
CD4_Naive	TACC3	4:1621122_C	0.215141063571365	0.0161092214449394	-0.0169474704317522	0.984103116950801
CD4_Naive	PTPRE	10:129216264_T	-0.221668635862703	0.0179372886468735	-0.00659214011950122	1
CD4_Naive	GRAPL	17:18907773_G	0.215459801851864	0.0178781356735562	0.0147830413679036	1
CD4_Naive	DDOST	1:20902334_G	-0.22007234772887	0.0180188330828747	-0.0194962834448105	0.994510052906752
CD4_Naive	IPO9	1:201861481_T	0.220042237746437	0.0180723881980485	0.0658130948221262	0.954026798604818
CD4_Naive	ALS2CR12	2:201404698_T	0.2142536975642	0.0181279970405195	0.0185845440438683	0.98569594911052
CD4_Naive	TRAPPC6B	14:39423339_T	0.225678198251364	0.0194726117464621	0.024478982487372	0.990573388013427
CD4_Naive	MRFAP1L1	4:6811925_T	0.214523972336427	0.0169401074470847	-0.0398106221476936	0.959910347193554
CD4_Naive	ZAP70	2:98335811_T	0.214030019751653	0.0184596717810504	0.00433058345349195	0.999280364811661
CD4_Naive	COX11	17:53273002_T	-0.214754305518874	0.0204014217725864	-0.0410658364694241	1
CD4_Naive	ZNF746	7:149107539_A	-0.218241152791351	0.0159482473845041	-0.0612667636016724	0.961464787362482
CD4_Naive	PPP1R10	6:31113052_A	-0.216205116516981	0.0213204705426046	-0.00116157992073372	1
CD4_Naive	EPRS	1:219618035_G	-0.219383860811519	0.0192108096537082	0.0116308632635253	0.994510052906752
CD4_Naive	IL27RA	19:14015936_G	-0.225655269225789	0.0209479468444858	-0.0343997963977833	0.995884738340781
CD4_Naive	FEZ2	2:36133126_A	-0.213573116073499	0.019154322209215	-0.00883002762578575	0.992367922289434
CD4_Naive	RNF141	11:11040934_C	0.21734804260439	0.0217963570967458	-0.0438249008888094	1
CD4_Naive	ULK1	12:133002094_C	-0.219541270085551	0.0170056968458632	-0.0257891692132689	0.995574036392313
CD4_Naive	FST	5:53033103_C	-0.217844448755946	0.0281458549548265	-0.00270872849528137	1
CD4_Naive	PTBP2	1:97147716_A	0.218931245262843	0.0199413117268627	0.0363300259767433	0.977130560808107
CD4_Naive	IGF2BP3	7:22382843_C	0.217688473173657	0.0167428832434494	-0.0555012454056447	0.983263547138053
CD4_Naive	SLC25A33	1:9343987_A	-0.218863825803283	0.0200454419791208	0.0660426275852	0.953591198224659
CD4_Naive	LINC01024	5:140479105_C	-0.217530681145214	0.0290343449607122	-0.00262272060328873	1
CD4_Naive	MORF4L1	15:79247732_T	0.228474151225154	0.0205602021870057	0.041393936209958	0.984289039638888
CD4_Naive	TUBE1	6:113201770_C	-0.215078611051992	0.022655407609421	0.000349733372683415	1
CD4_Naive	SLC44A5	1:75893775_T	-0.218160350502358	0.0210624933055254	-0.047373896460591	0.977130560808107
CD4_Naive	AJAP1	1:4367980_A	-0.218021298882808	0.0212499447450711	0.0104967294363025	0.994510052906752
CD4_Naive	UBOX5	20:3445136_G	0.220410799392719	0.0308911537918106	-0.058118608407583	0.962627632498493
CD4_Naive	TAOK2	16:30592110_G	-0.221388842827695	0.0227065770981333	0.0716518674338172	0.963994067366057
CD4_Naive	TDG	12:104661818_G	-0.217813779414946	0.0197927625668481	-0.0533557076454779	0.977969862371187
CD4_Naive	AC016700.5	2:70948511_T	0.211887677452435	0.0220339352198224	-0.0173588470497525	0.987902455852842
CD4_Naive	CLDN7	17:7262226_T	-0.212792830691826	0.0264660233642162	-0.00598169879581421	1
CD4_Naive	PMM2	16:8873572_C	0.221181549792951	0.0230528246148804	0.0527333684947569	0.99897596095422
CD4_Naive	WNT7A	3:13863210_G	-0.219151324496857	0.0359511450158451	-0.054647021580112	0.999806655480729
CD4_Naive	LINC00493	20:19208970_G	0.219939600984131	0.0314098505853514	-0.0118450913895895	0.999399009116759
CD4_Naive	PFAS	17:8124268_C	-0.212169578922609	0.0279583631704109	0.0197096911897288	1
CD4_Naive	ESAM	11:125505878_A	-0.215199510144324	0.0277312712948925	0.021650905056718	1
CD4_Naive	TMEM38A	19:16408009_C	-0.223458853824619	0.0254196372687355	-0.0200067162114942	1
CD4_Naive	DDX19A	16:70637616_C	0.22009733846635	0.0250044264214093	0.0012967331016711	1
CD4_Naive	RNF6	13:26761732_G	-0.220496676637115	0.0201902107505067	0.0176130043652009	1
CD4_Naive	AF127936.7	21:16882575_A	0.206528023370607	0.0373538659900586	-0.0121568335509214	1
CD4_Naive	CAPS	19:5883244_G	0.222948341775494	0.0264808617984049	0.0257885337954556	1
CD4_Naive	NOL12	22:38066135_G	-0.215179320188269	0.0264390768508778	0.0186596575171573	1
CD4_Naive	ZNF567	19:36458807_G	-0.222830851414725	0.0267252834503013	-0.0492058299830175	0.990367007825716
CD4_Naive	PAIP2B	2:71063066_G	-0.210500879341356	0.0250471256723002	0.0353106244976023	0.979411830646362
CD4_Naive	C5orf24	5:134572229_G	-0.215054299168521	0.0359940206697217	0.0217743158983802	0.991252141096944
CD4_Naive	SLC16A3	17:79952916_A	-0.211312641859432	0.0298771383999736	-0.0566497882205382	1
CD4_Naive	TMEM159	16:20308193_C	0.219600255408599	0.0259953494251549	0.0356182465636239	1
CD4_Naive	SMARCE1	17:38760998_C	-0.211113637804326	0.0303297100309065	-0.0527419716733322	1
CD4_Naive	EPC1	10:32394992_C	-0.217105659174538	0.0280218501885184	-0.0464047597601446	0.993639907904391
CD4_Naive	CMSS1	3:100018555_G	0.217424652508267	0.0411927182698011	0.0430818230403314	1
CD4_Naive	PPP2R2D	10:134053127_G	0.216949267428131	0.0285153029559554	-0.048482755417523	0.993639907904391
CD4_Naive	STX2	12:130901306_G	-0.215666125642939	0.0250978837731292	-0.0284192999977114	0.993639752044695
CD4_Naive	SPDL1	5:168502383_G	0.214443235958584	0.0373965515727895	0.0295191231267354	0.991252141096944
CD4_Naive	CHCHD6	3:125793526_G	0.217249649404315	0.0417752040026327	-0.0260612207537841	1
CD4_Naive	RSBN1L	7:77335673_G	-0.214310917338599	0.0228220066642118	-0.0490515263186212	0.98599631212641
CD4_Naive	ARL4D	17:40971770_T	-0.210617378305166	0.0315207969769211	-0.00777383623421398	1
CD4_Naive	TRPT1	11:63868690_G	0.213554957286784	0.0333591523266432	0.0137896513223295	1
CD4_Naive	IPP	1:46544224_A	0.215397138869864	0.0244068486986837	0.0597245641767363	0.972201447277452
CD4_Naive	HCG18	6:29319458_T	-0.212167574516682	0.0272013361890611	-0.0124601819012932	0.999739751149961
CD4_Naive	C1orf134	1:16549294_C	-0.215109285306509	0.0247624354554727	0.0438027129719104	0.977130560808107
CD4_Naive	NAA40	11:63648573_T	-0.213110818739036	0.0350041403644207	0.0377771332855	1
CD4_Naive	GNGT2	17:47614205_T	0.209962593527176	0.0333399639026695	0.0532423274209035	1
CD4_Naive	SLC37A3	7:140490207_C	-0.213550273545519	0.0244369820029637	-0.0240268574378358	0.998291615111214
CD4_Naive	NOM1	7:156263365_T	0.213406432657815	0.0247543071586977	0.0315469151972856	0.990709293856735
CD4_Naive	ACTR1B	2:98998344_A	0.208754795896242	0.0302706825919798	0.0536934352033622	0.961905703423482
CD4_Naive	PIM1	6:36976637_C	0.211284100363136	0.0289733651439507	-0.0151463222482889	0.999739751149961
CD4_Naive	STAU2	8:75038136_C	-0.211550474241472	0.0295743089279683	0.046579842709041	1
CD4_Naive	NR4A2	2:157178819_T	-0.208171585270073	0.0323858725617226	-0.0323776934031921	0.983771811539239
CD4_Naive	DYNLRB2	16:79578564_A	-0.217661667146044	0.0305312511487694	0.0183277414174531	1
CD4_Naive	TMEM25	11:117800169_T	-0.211949364082679	0.0393618389891295	0.0141721401262867	1
CD4_Naive	CDV3	3:133619852_T	-0.215421881888935	0.0478334004228825	0.0322569477547506	1
CD4_Naive	VPS36	13:53101734_A	-0.217177866536694	0.023864110686468	-0.0287243371395407	1
CD4_Naive	ZNF691	1:43245560_G	0.213544399883329	0.027014097650892	0.036714249873801	0.977130560808107
CD4_Naive	SZRD1	1:17543844_A	-0.213393826321118	0.0272702656360837	-0.023851511763121	0.980258756847826
CD4_Naive	RIOK2	5:97259324_G	-0.212429728677808	0.0406785503898356	-0.0429297908122071	0.975093923681658
CD4_Naive	CCDC19	1:158933865_G	0.213199759054611	0.0276119297338011	0.0561381279014718	0.977122335926006
CD4_Naive	BACH2	6:90855329_A	-0.209759576859794	0.0325386404611835	-0.0455590037842846	0.971155210587677
CD4_Naive	CPSF7	11:60755517_G	0.210964382619611	0.0428626169064136	-0.051189514518916	0.996514049277728
CD4_Naive	MAPRE3	2:26561734_A	-0.206707475616079	0.0381872438018661	-0.0203607280912134	0.98569594911052
CD4_Naive	LANCL2	7:54816960_A	-0.21121111292348	0.0302732319906743	0.0546808321405101	0.984976654520532
CD4_Naive	BNIP1	5:172246071_A	-0.211631340558736	0.0415701666317546	0.0230592189673635	0.991252141096944
CD4_Naive	TCF20	22:42349912_A	-0.211543859821795	0.0384892882463483	0.0165540852341023	1
CD4_Naive	KAT7	17:47579113_C	-0.207805099214362	0.0421594006945571	0.0448602538894676	1
CD4_Naive	ZNF66	19:21318691_C	0.219098793478273	0.033834915542594	0.0515485573145254	0.990367007825716
CD4_Naive	DOPEY2	21:37550317_G	0.202441194897808	0.0469447145324643	-0.0369415650929457	0.960823993921229
CD4_Naive	FBXL20	17:37096739_T	-0.207549980740506	0.0434803402966272	0.00639653779833518	1
CD4_Naive	NDUFV3	21:43438731_G	0.20226178974006	0.0473898753766476	-0.0109294977696308	1
CD4_Naive	ARL5B	10:18345137_T	0.213568320161284	0.0398421533414694	-0.030140732715048	1
CD4_Naive	CECR7	22:17256922_T	-0.211195919226467	0.0395204354364141	-0.0346879615097934	1
CD4_Naive	CASP6	4:110547116_G	-0.206405339619919	0.0285128078885663	-0.0304439732609451	0.974075584541369
CD4_Naive	TMEM185B	2:121326398_A	0.206088252861456	0.0406648042521441	0.00898146963150365	0.992367922289434
CD4_Naive	GRK4	4:3810750_G	0.206279827016128	0.0287757366689841	0.00612812963054275	0.984765931861918
CD4_Naive	STK31	7:24514635_C	0.210393968232353	0.0327839746669003	-0.0323338108723077	0.989482523809524
CD4_Naive	HDAC9	7:17192272_T	0.210357221041055	0.0329046187968202	-0.037832607362449	0.987509895162523
CD4_Naive	EIF3D	22:36608349_T	0.210708427050558	0.0408919332306882	0.0536378161948197	1
CD4_Naive	TLDC1	16:85281036_G	-0.215257671341835	0.0377648587764338	-0.00639033481030662	1
CD4_Naive	MATK	19:4582762_G	0.218250708095491	0.0350930431853795	-0.0332855745813187	0.995884738340781
CD4_Naive	CLEC10A	17:5996537_T	-0.20668812684839	0.048314955507978	-0.0243781798093602	1
CD4_Naive	RPSAP58	19:23951236_G	0.217816778358285	0.0356920735366588	-0.00376082945678676	1
CD4_Naive	IFLTD1	12:25399474_A	0.211300753586323	0.0406124658519582	0.0050153421448641	1
CD4_Naive	SLC23A2	20:5811349_C	-0.213768021474537	0.0431428275876002	-0.0403718075920822	0.9963402366082
CD4_Naive	ARL4C	2:236110242_G	-0.205064608345515	0.044438788848827	0.0425060646850576	0.967805068275133
CD4_Naive	CDS1	4:85056140_G	0.205256112290346	0.0311659462800727	0.0158565964709886	0.984103116950801
CD4_Naive	NARG2	15:60170288_G	-0.220744553381526	0.0277964329858343	-0.0320920134335428	0.984319978230319
CD4_Naive	PPIL1	6:36780142_C	-0.207528622300318	0.0390188487353209	-0.0292255775158719	0.988294206411679
CD4_Naive	GNS	12:64741497_G	-0.21083480430524	0.0425355495030569	-0.0467327275470834	0.986532338018156
CD4_Naive	PRKAR1B	7:1304898_A	0.209161198952626	0.0371986739675338	-0.0108221819651362	0.998291615111214
CD4_Naive	LY6E	8:144285713_A	-0.207769178106088	0.0412203379612458	-0.0553129904331345	0.979879903244384
CD4_Naive	PTPN14	1:214482829_A	-0.210364145095884	0.0340582896420108	0.0300475245628098	0.980254031640467
CD4_Naive	ZNF175	19:52126262_G	-0.217220116248771	0.0364958436393532	0.0501504437394926	0.990367007825716
CD4_Naive	VPS9D1	16:89849480_T	0.214178781916129	0.0416298288177362	0.0130103887994035	1
CD4_Naive	AC107081.5	2:62859146_C	-0.204543330270004	0.0461796347390963	0.0343766220362617	0.981485142037624
CD4_Naive	IL17RA	22:17598512_A	-0.20941863072317	0.0442454620125401	-0.027789264810096	1
CD4_Naive	UGDH	4:40036491_G	0.204509706517034	0.0331818620915558	-0.0447120747195935	0.952251078015983
CD4_Naive	CCDC126	7:24221825_T	0.208595282861316	0.0394673245138083	0.0359527385239663	0.987509895162523
CD4_Naive	THAP4	2:242813478_A	0.203964434687715	0.0479934664977139	0.0540067224325707	0.961905703423482
CD4_Naive	TBC1D9B	5:178626372_T	-0.208957249819359	0.0440521940589976	0.0439435060392036	0.974467795105739
CD4_Naive	GNPDA2	4:44574789_G	0.203879434776579	0.0350603687464916	0.0429995264176085	0.956497704961925
CD4_Naive	AKNA	9:117188714_C	0.212779342998764	0.0406716021226561	-0.00139934089674605	1
CD4_Naive	DENND4C	9:19397040_A	0.212717329299181	0.0408364134155104	0.00848196738145968	1
CD4_Naive	SUSD3	9:95806365_G	-0.212935932121632	0.04026543371856	-0.0523036396044478	0.988686421216571
CD4_Naive	INSIG2	2:119240369_C	0.203678531857542	0.0488520697105369	-0.0387313104078341	0.971694923319152
CD4_Naive	PDCD6	5:425464_T	0.208736476838506	0.0442744961660626	0.0232834148718404	0.991252141096944
CD4_Naive	GMEB2	20:62049657_A	0.212298989929937	0.0464394693077248	0.00326537328857355	1
CD4_Naive	RGS2	1:191866830_G	0.209061313733155	0.0379143882670538	0.0109382822773321	0.994510052906752
CD4_Naive	PRDM5	4:121131418_A	-0.203340335591332	0.0367919042361798	-0.00738759550850708	0.984765931861918
CD4_Naive	ETFB	19:52842009_C	0.215876335900443	0.0383731199293022	-0.00731078347826362	1
CD4_Naive	TNPO3	7:128148679_G	-0.207634158131944	0.0436218788755465	-0.00842644476898407	0.999339836498783
CD4_Naive	PABPN1	14:23077543_G	-0.214895321579561	0.0365361116499696	-0.0133251561907308	0.995459071359456
CD4_Naive	TNRC18	7:6109159_G	0.207493608910507	0.0442564371935873	-0.0179343559368342	0.998291615111214
CD4_Naive	ZCCHC10	5:132637257_C	-0.207937729269367	0.0451594497512562	0.0373530058159091	0.975260400925276
CD4_Naive	CDK20	9:89959729_A	0.211815280370399	0.0434998424024993	-0.000198717775590901	1
CD4_Naive	TSPAN14	10:82279960_T	-0.210340576193047	0.0494032856377256	0.0175816200632151	1
CD4_Naive	PHYHD1	9:131766352_T	-0.211552537429601	0.0443747346305896	-0.071207248384584	0.985406033465233
CD4_Naive	IMPA2	18:11975746_T	-0.216439103405147	0.0425900089048639	-0.0569332568833864	0.988528622989616
CD4_Naive	EIF2AK4	15:39316630_A	-0.217707189219144	0.0307479654723663	0.025822380985533	0.984319978230319
CD4_Naive	DTD1	20:18569691_G	-0.210093167116749	0.0488772728095113	-0.0642082658536238	0.962550241513993
CD4_Naive	NOL6	9:34426124_C	0.210364488890212	0.0489604539451223	-0.0583390112457163	0.988686421216571
CD4_Naive	SYDE2	1:85219912_A	0.206931926175069	0.0449965445874492	-0.00847820396426128	0.994510052906752
CD4_Naive	PIGO	9:34133634_A	0.210214147640181	0.0496176160335039	-0.0359970669064919	1
CD4_Naive	LRPAP1	4:4176343_A	-0.200911368923719	0.0458556053656493	0.0135394442576698	0.984103116950801
CD4_Naive	PTGR2	14:74185596_T	-0.212751327859729	0.04519632843963	-0.0323011869506581	0.989959867287942
CD4_Naive	C15orf57	15:40844222_A	-0.216968734647768	0.0314464917585919	0.0184037483182094	0.992517357865681
CD4_Naive	C20orf194	20:4224658_C	0.209431036505187	0.0489623819033132	-0.0397140889468716	0.996742682996102
CD4_Naive	CDKL2	4:75707759_A	0.20058131244527	0.0472151249324652	0.00511966146435407	0.984765931861918
CD4_Naive	CNIH1	14:55522738_A	-0.212231083125031	0.0479480365862584	-0.0673938241298296	0.967654004725433
CD4_Naive	ETV3	1:157471055_T	0.205842140431659	0.0485560370439595	0.0565010971475212	0.977041564273973
CD4_Naive	OMA1	1:59365079_T	0.205694764746935	0.049012296535175	0.00320542590640146	1
CD4_Naive	RORA	15:59830480_A	-0.215756834806789	0.0326022235958142	0.0230499515664316	0.984319978230319
CD4_Naive	CENPB	20:4270513_C	0.208561386103175	0.0489623819033132	0.0132468889823745	0.999399009116759
CD4_Naive	CD22	19:34981191_G	-0.212168880932916	0.0463426741391546	0.0155584386519727	1
CD4_Naive	ZSCAN5A	19:57715222_A	0.211791074540183	0.0474945059845857	0.0773075748824291	0.958131467618766
CD4_Naive	GID8	20:61526001_T	-0.207679780912992	0.0489623819033132	0.0100788105484359	0.999399009116759
CD4_Naive	IREB2	15:78370548_T	-0.212466817987374	0.036116496873586	0.043865983691822	0.981324458005584
CD4_Naive	MACROD2	20:15047514_C	-0.205801833494156	0.0489623819033132	0.0295784407874636	0.996763260986678
CD4_TCM	FKRP	19:47309902_G	-0.274454615139793	3.07225829928112e-05	-0.045357457196571	0.981437023478632
CD4_TCM	BTG1	12:92523114_C	0.263415682487756	0.000421476344930735	0.0284337531830467	0.990374713866031
CD4_TCM	STYXL1	7:75929426_G	0.257780696157879	0.000681413804620922	-0.00460991092953789	0.995868913793675
CD4_TCM	EP400NL	12:132580347_A	-0.258323569269052	0.000650606431472861	-0.0445600476961246	0.974233439296367
CD4_TCM	SMAP1	6:71556566_C	-0.252369664667887	0.00107280429303671	-0.0576642404891741	0.972698101083187
CD4_TCM	SNCA	4:90817848_G	-0.248275314339454	0.00195702211509727	-0.0319335670926797	0.979860726462984
CD4_TCM	PIP5K1C	19:3105987_A	0.251864138672469	0.00298378820336256	0.0551430882190971	0.981437023478632
CD4_TCM	TM7SF3	12:27099677_A	0.243868785696016	0.00312570585645383	0.0160839429004063	1
CD4_TCM	ZFAT	8:135384685_C	-0.241475016711686	0.00299921307194627	0.030420357706313	0.99317423790946
CD4_TCM	LOH12CR1	12:12621567_G	-0.243132324515202	0.00344486485360817	-0.059806250167884	0.962232641747735
CD4_TCM	ASCL2	11:1449821_G	0.240659159930172	0.00429411280333244	0.0573429570352476	0.987804072556951
CD4_TCM	C9orf16	9:130940121_A	0.244681953999858	0.0037199079640037	0.0414441405487352	0.991874536633552
CD4_TCM	HLCS	21:38946816_C	-0.232664919769771	0.00346414653983576	0.0159660018098513	1
CD4_TCM	GGA1	22:37580442_T	0.237628537610222	0.00643495027550412	0.0191589533067162	0.986608635980748
CD4_TCM	ITGB1	10:33599025_A	-0.238342336769524	0.00453974836723601	0.044156102693042	1
CD4_TCM	AK1	9:130788376_T	-0.243396262647139	0.00421730985654497	-0.0423493737253898	0.990272328638183
CD4_TCM	LINC00998	7:112101653_G	-0.238050676723974	0.00702268950016812	0.00998687963031157	0.990527984848116
CD4_TCM	ERN1	17:62199950_C	-0.238264627757956	0.00471405967015717	-0.0736120241081837	0.977527968877828
CD4_TCM	CEP57	11:95486859_G	-0.238294367666454	0.00508766064931823	-0.000741274034710295	1
CD4_TCM	MCF2L2	3:183127503_G	-0.239215457828295	0.004847425143232	-0.0667416638164209	0.953218414151934
CD4_TCM	VWCE	11:60427892_C	0.237524773254607	0.00533271808321051	-0.0299619841076005	1
CD4_TCM	FAM92A1	8:94690786_G	0.235924377422197	0.00726173666418592	0.0534181332790196	0.956780405059162
CD4_TCM	SH3BP1	22:38614095_G	-0.234592704332152	0.00852161072795054	-0.0224843597078975	0.98483157757008
CD4_TCM	CRBN	3:3673641_A	0.238033730623902	0.00560117389278267	0.0159119504881456	1
CD4_TCM	DCHS1	11:7331543_T	-0.235774041755238	0.0058502425752894	0.065819957922732	0.976433702419413
CD4_TCM	NLRP2	19:55507148_A	0.243563397602108	0.00523683724351295	0.0451098046654025	0.981437023478632
CD4_TCM	ADSS	1:244934673_T	-0.236566814442092	0.00885435258096921	0.0373237990088057	1
CD4_TCM	FLJ45079	17:74999291_G	-0.234005537875097	0.00689848342438417	0.0458492237753917	1
CD4_TCM	RUFY1	5:178501904_T	-0.233363452186587	0.00561804678026304	-0.0387489962692538	0.982483354502689
CD4_TCM	SMNDC1	10:112124719_C	0.23311939877975	0.00751321272732571	0.0226911776082944	1
CD4_TCM	TNNC2	20:44311598_G	-0.235180986069931	0.00947582126538072	-0.0545041127117778	0.986402009048598
CD4_TCM	ARHGDIB	12:15095162_A	0.234140646839104	0.00606501945021959	0.019283161430455	1
CD4_TCM	AP000487.5	11:70146919_G	0.233724569300065	0.00657719459219835	0.0669587035790749	0.976433702419413
CD4_TCM	CKB	14:104133530_A	0.237252876388166	0.0114027344469406	0.0409867185857014	1
CD4_TCM	USP28	11:113317067_A	0.231515008204112	0.00782714874456246	0.0557905577573417	0.987804072556951
CD4_TCM	MTRF1L	6:153344786_A	-0.230283583279199	0.00616002242233453	-0.0622154820161622	0.972698101083187
CD4_TCM	ANKMY2	7:15721466_A	0.230557125632531	0.00890967294513376	-0.00621554753239732	0.99434581353991
CD4_TCM	CCDC77	12:553733_G	0.231408519671241	0.0079510528333102	0.0396506687770887	0.98330521725341
CD4_TCM	TCP11L1	11:33984156_G	-0.230397978204931	0.00869778914869789	0.00743398874594383	1
CD4_TCM	DENND3	8:142132965_G	-0.228721941940399	0.011426580260281	-0.0518737842706623	0.959052434989883
CD4_TCM	ZNF259	11:116317895_C	-0.22966143715722	0.00936776761182083	0.00057899154299776	1
CD4_TCM	PSMG1	21:40525287_A	0.221363297458609	0.0113131887116595	0.0499251126786879	0.976384611501493
CD4_TCM	RBM34	1:235768722_A	0.230937136428857	0.0119731459232658	-0.0468277541519294	0.999848220050946
CD4_TCM	GALNS	16:88081951_A	0.233925097506252	0.0119488933596794	-0.0106807373374719	1
CD4_TCM	HOTAIRM1	7:27126324_C	0.227924876574177	0.00974490665425159	0.0509599520042285	0.939937716180919
CD4_TCM	ZC3H8	2:112943070_T	-0.224845722438371	0.0129231504267697	0.00409796786437885	1
CD4_TCM	POLR3B	12:105955501_G	0.228296817529839	0.0114262050296217	-0.0395562501738871	0.983473019837736
CD4_TCM	AP000936.4	11:116680918_A	0.227906920514573	0.0112986576783075	0.0602904277801852	0.987804072556951
CD4_TCM	COL9A3	20:61460372_T	0.229484522967675	0.0109999082218958	0.0797971762701678	0.980890891807429
CD4_TCM	CIT	12:119702955_T	0.227853053833007	0.0119937562555834	-0.025457823725016	0.998403228515226
CD4_TCM	KIF11	10:94500111_A	-0.226437902451581	0.0134669191900613	-0.00865327807082129	1
CD4_TCM	LGALS3BP	17:76655395_C	0.226525306969148	0.0147509717095791	0.0639469744095035	1
CD4_TCM	AC135983.2	15:33198840_T	0.23443710293535	0.0179836097608315	0.00885115240267042	0.995009684234472
CD4_TCM	ECHS1	10:134197892_G	-0.225848360539121	0.0141441205452454	0.00798977532669109	1
CD4_TCM	CLPTM1L	5:417057_T	0.22441441039003	0.00741732668601992	0.00399876432088426	0.996045779366619
CD4_TCM	RECQL	12:21688002_C	0.226667856412746	0.013542986780351	0.0439981118832003	0.974233439296367
CD4_TCM	ESD	13:47370542_G	-0.228464910011175	0.0144744293097349	-0.0480852487160929	0.983957870897083
CD4_TCM	NDFIP1	5:141555464_A	0.223881748743735	0.00795330296545478	-0.0560312370993991	0.950046310074853
CD4_TCM	STT3B	3:31946934_T	-0.227872834994723	0.0113843768481482	0.0358022766481418	0.995076124631833
CD4_TCM	GNMT	6:41935781_T	0.223982402935617	0.0105921700404296	-0.0612402106103872	0.972698101083187
CD4_TCM	AP001816.1	4:102315464_A	0.224359181801092	0.0139812909964002	0.00234640147620208	1
CD4_TCM	ADCK5	8:144836806_A	-0.223703003920664	0.0136397239266341	-0.00850312557178684	1
CD4_TCM	ABHD10	3:111676660_T	0.226533659944917	0.0125743202470137	0.032239256248118	1
CD4_TCM	XPNPEP1	10:111931752_A	0.224036366279753	0.0159527093037133	0.0612887103366038	0.976985744860038
CD4_TCM	TMEM128	4:4207097_T	-0.224119723892421	0.0141273005488124	-0.0568505676703647	0.964238446524673
CD4_TCM	ARMC7	17:72929221_G	-0.223646293842022	0.0173425173569121	0.00813408265127275	1
CD4_TCM	HIBCH	2:191347184_A	-0.220732223151776	0.0149895222256407	-0.0319432408177775	0.975850437355116
CD4_TCM	ERMP1	9:4863952_G	-0.229145816308044	0.0257480742840903	-0.0266173352379633	1
CD4_TCM	CDC14A	1:100802399_C	-0.226074640903825	0.017219079661771	-0.0566220542686119	0.984103800272565
CD4_TCM	SHMT1	17:18291618_T	0.223348617764914	0.0173550030913412	0.0730505136153017	0.979912372594631
CD4_TCM	MYO1D	17:30169499_A	0.222943069542742	0.0173550030913412	-0.076242616033524	0.966952698040572
CD4_TCM	RNF214	11:118060549_C	0.223259033253308	0.0171825590792851	0.0594590570455997	0.987804072556951
CD4_TCM	GZMK	5:53499591_G	0.220603290438268	0.0132063969264032	-0.054059861725538	0.950046310074853
CD4_TCM	AC009120.6	16:75231947_G	0.227980769142741	0.0159217053644307	0.00483479328854768	1
CD4_TCM	CBLB	3:105960464_T	-0.22459899433418	0.0147688021794232	-0.0646879850749504	0.954589592085872
CD4_TCM	LINC00657	20:34883271_T	0.224382901550069	0.0130922931758116	0.0194595672440844	1
CD4_TCM	ASH2L	8:38587149_A	0.221384841051989	0.0154479370016735	0.0513801304867327	0.959856849196592
CD4_TCM	S100A9	1:153390245_C	-0.224156250045605	0.0200677888949361	-0.0254011416667144	1
CD4_TCM	GALM	2:38152819_C	-0.218402414156128	0.0170111907195087	-0.0185808720902046	0.991779923059005
CD4_TCM	ANKRD13D	11:67218694_T	0.221788215226615	0.0182995969167566	0.0430083213990892	1
CD4_TCM	TTN	2:179732845_A	-0.217858615900488	0.0177381368013724	0.0160362014293633	0.992829110147705
CD4_TCM	ZNF44	19:13364012_T	0.229714482190449	0.0156558973941718	-0.00408564967470603	1
CD4_TCM	LIMK2	22:31007919_G	0.219807873758231	0.0259996512131143	-0.0214865646412885	0.98560169122288
CD4_TCM	CHRNB1	17:7578837_G	-0.220731107005413	0.0173550030913412	0.0617453613258872	1
CD4_TCM	MRPS30	5:44606969_A	0.21852613485914	0.0184180826993441	0.0013301960843229	1
CD4_TCM	BLOC1S4	4:6594412_A	-0.219949558273608	0.016631286751379	0.00524339624167496	1
CD4_TCM	MIR497HG	17:6379847_A	0.220084894687201	0.0173550030913412	0.0680258648877259	0.998059772043407
CD4_TCM	TRAF5	1:211772400_A	-0.222695444056275	0.0224318918671209	0.0679528549211095	0.964834996156703
CD4_TCM	GCNT1	9:78398661_G	0.225699402249825	0.0309678234112789	0.0417967699555984	0.991226263189839
CD4_TCM	MUTYH	1:45600074_T	0.222457037537787	0.0228264955703299	-0.0404233030177665	1
CD4_TCM	CREB5	7:28508952_C	0.218825313865805	0.0144534957443583	-0.0116566166760736	0.990527984848116
CD4_TCM	BFSP2	3:133150455_A	-0.221752957206205	0.0187224019426324	-0.0575570715055528	0.975904853346492
CD4_TCM	FAM129A	1:184905358_C	0.221996972626465	0.0235899268020962	0.0684364458977131	0.962522094942134
CD4_TCM	GARS	7:30985431_A	0.218425588379104	0.0151090678855736	-0.020470238032615	0.990527984848116
CD4_TCM	EIF3F	11:8009420_A	-0.219725059646906	0.019890775870474	-0.0284509750505277	1
CD4_TCM	ITPRIPL2	16:19775269_C	-0.224740472345046	0.0192573683323594	0.0385520713694962	0.98999103806986
CD4_TCM	CRIPT	2:46868319_C	0.21586288954515	0.0212252614454836	-0.0248363694411033	0.987553168805564
CD4_TCM	CPNE2	16:56578018_A	0.224355219993743	0.019615950481741	-0.000657101728249072	1
CD4_TCM	LINC01135	1:58925408_A	-0.221338868335144	0.0246781630681614	-0.00539610981877124	1
CD4_TCM	FAM175A	4:84395641_C	-0.218392236214203	0.0181326450239145	-0.0527613907808873	0.964238446524673
CD4_TCM	ARNTL	11:13288851_A	0.219110825508976	0.0205197302613785	0.0605023639247509	0.987789340306814
CD4_TCM	GPSM1	9:138700679_C	0.224441576864131	0.0323436637493652	0.031554744094271	1
CD4_TCM	C5orf24	5:133566087_T	-0.216018186221564	0.0262083111455056	-0.0451217146176985	0.955684213372552
CD4_TCM	RBFOX3	17:77377049_A	-0.217497144628586	0.0178428737329961	-0.00725748307498551	1
CD4_TCM	MLYCD	16:84685708_A	-0.223077054920537	0.0206508980206908	-0.0623900087880837	0.961391892538981
CD4_TCM	PRKCA	17:64197703_T	0.216961812486893	0.0183739680076877	0.0111379957270523	1
CD4_TCM	CUL9	6:42465427_G	0.216061719633312	0.0209757681189748	0.00680846515653797	1
CD4_TCM	SLC39A11	17:70577819_G	-0.216622264250522	0.0187674639069448	0.0344416787059367	1
CD4_TCM	STT3A	11:124948039_C	-0.21751804990888	0.0225193136231132	0.0632014451662002	0.982386661568106
CD4_TCM	ABI1	10:27033468_T	-0.216381197901697	0.0303178713566596	-0.0261564137414426	1
CD4_TCM	TRIM32	9:119057906_C	0.222657391788386	0.0339202715394981	0.0354605681258143	1
CD4_TCM	ZNF71	19:57703258_T	0.225263428162196	0.0241609966611	-0.0199037380054583	1
CD4_TCM	SEC11A	15:85507536_C	-0.224894369465277	0.0248149810990469	-0.0315833783880067	0.983140467072386
CD4_TCM	TRMT61B	2:28330433_C	0.213040424448111	0.0282095618575842	0.0248757226191339	0.987553168805564
CD4_TCM	YIPF4	2:32824511_G	0.212800320499649	0.0288980850002916	0.0518134189725456	0.94713636931104
CD4_TCM	TSC22D4	7:100795707_G	0.214615993100183	0.0254594620797496	0.0327105508189622	0.981925023547354
CD4_TCM	RAB11FIP4	17:29930942_G	-0.215278510118077	0.0208201906583991	0.0556104231369192	1
CD4_TCM	RASGRP2	11:64027468_C	0.215926421106926	0.0248630920917984	-0.00266575504163263	1
CD4_TCM	TLR6	4:38943545_A	0.21509659883982	0.0230774242096075	-0.0412643154419369	0.977331628784262
CD4_TCM	RPS20	8:57697066_A	-0.214615021934758	0.0265905013205017	0.00247169109880477	1
CD4_TCM	RAB7L1	1:205752690_C	-0.218258670225387	0.0293023839575967	-0.0371002258065464	1
CD4_TCM	AGER	6:32956720_C	0.213531804556449	0.0251629501320633	-0.0502318166844732	0.977838203565397
CD4_TCM	NCAM1	11:112064139_T	0.215430746278085	0.025623013771887	-0.00163200104119231	1
CD4_TCM	LYRM5	12:25242595_G	-0.215825962269195	0.0404212940055194	-0.00947040012631117	1
CD4_TCM	RAB34	17:26887271_A	-0.21448783648286	0.0224784594891247	-0.0460710792674304	1
CD4_TCM	DIXDC1	11:111791075_T	0.2151763083094	0.0260132895064416	0.0143929374695506	1
CD4_TCM	PLS1	3:142047041_A	-0.216793032070437	0.0263789525407489	-0.0366047977368091	0.993117097278555
CD4_TCM	CCL27	9:33857365_A	-0.220718711444401	0.0351163257041947	-0.0426145546507984	0.989860734186378
CD4_TCM	RFK	9:79351531_A	-0.220569895263319	0.0351861206084274	0.0108031277602328	1
CD4_TCM	NOL10	2:11660000_A	-0.211164075145685	0.0338734761708174	0.0140909227794649	0.992829110147705
CD4_TCM	ZNF652	17:47317828_T	-0.213548062875458	0.0250054305707336	-0.0613480948892275	1
CD4_TCM	IMMP1L	11:31250811_G	0.214462215028006	0.0270963384783428	0.0189008584874095	1
CD4_TCM	G2E3	14:31284814_C	0.219234850945729	0.02751110914523	0.0264838853579923	1
CD4_TCM	KLF11	2:9948965_A	0.210829975417812	0.0349318034057566	-0.0206884534693112	0.987553168805564
CD4_TCM	PLLP	16:57220016_C	0.219481981396845	0.023633964365563	-0.046695596016486	0.98999103806986
CD4_TCM	ZNF33B	10:42978025_T	-0.21365259118783	0.043297118391626	-0.0406330620856219	1
CD4_TCM	HAUS4	14:23317517_T	0.219078326099487	0.027795788856301	-0.0339801169947458	1
CD4_TCM	KIF9	3:46567871_T	0.216053546717258	0.0278446898058373	-0.0256852124136281	1
CD4_TCM	JAK1	1:65205899_T	-0.216331338734963	0.0317919255289354	-0.045233297140639	1
CD4_TCM	DNAI2	17:72160255_G	-0.212844892439231	0.0273092772013094	-0.0198338568042683	1
CD4_TCM	ACVR1B	12:53312612_T	-0.21449065376677	0.0446239013081069	0.0588843492440842	0.966127276738704
CD4_TCM	ARRB2	17:4626587_T	0.212793824423634	0.027490155480535	0.0397228109666309	1
CD4_TCM	G0S2	1:210830028_A	-0.216222635649757	0.0319373844793083	0.0274539824798657	1
CD4_TCM	CD2AP	6:47875526_G	-0.211922097634904	0.0286509088786174	0.0328291266918946	0.99608852338841
CD4_TCM	SCAND1	20:34633899_T	-0.214505258930021	0.0263882550677264	-0.0510256286351259	0.986402009048598
CD4_TCM	RNF14	5:141462661_T	0.211575648494068	0.0392736163854568	-0.00479365008559423	0.996045779366619
CD4_TCM	ASGR2	17:6328027_T	0.212563245411932	0.0283291609135603	0.0186429168999844	1
CD4_TCM	MCFD2	2:46751750_G	0.210070064232154	0.0373561544648227	0.0127954833603535	0.992829110147705
CD4_TCM	PPP1R10	6:31079703_G	0.211538489666416	0.0296056277458857	-0.0541747218563746	0.972698101083187
CD4_TCM	TCTN2	12:124581774_T	-0.21398289062716	0.0457597020927322	-0.032148906934865	0.987250021502199
CD4_TCM	JMJD4	1:227212024_A	-0.215604921512183	0.0327935388090558	-0.0422812550539201	1
CD4_TCM	SRFBP1	5:120493832_G	0.211049494490957	0.0405688532094543	0.0156485246505278	0.988911793304213
CD4_TCM	CLSTN1	1:9874802_C	-0.215569080170892	0.0328450432804171	-0.0616459762482075	0.984102365679908
CD4_TCM	FADS3	11:61908440_C	-0.213057201260162	0.0291751598478218	-0.0108820261658481	1
CD4_TCM	AC087294.2	17:21431673_C	-0.212002550423337	0.0305160653983854	-0.00279040870550279	1
CD4_TCM	TRIAP1	12:121490952_A	0.213456129802788	0.0467065693624142	0.000799236739715575	1
CD4_TCM	GSC	14:94985635_T	0.217691024848828	0.0300983872477494	0.0200390551266919	1
CD4_TCM	COMMD10	5:115423531_T	0.210467029590772	0.04196654860912	0.0463659889576151	0.950046310074853
CD4_TCM	CAD	2:28299267_G	-0.209022109239317	0.0406805549874754	-0.0250620919425389	0.987553168805564
CD4_TCM	IL17RA	22:17285949_C	0.211277872999877	0.0325927970862459	0.0212366935793911	0.98573928481803
CD4_TCM	LYPLAL1	1:219102056_G	0.214862861550415	0.0339121442208164	-0.0352663494613036	1
CD4_TCM	HIVEP1	6:12069697_G	-0.210499606550254	0.0324734115672339	0.0265212024305607	0.99608852338841
CD4_TCM	DNMT3A	2:26524254_A	0.208846305256979	0.0412347602718017	-0.0426958261422324	0.969116806138213
CD4_TCM	DHX58	17:40257055_C	-0.210925555499241	0.0352093212736726	-0.0169976272462149	1
CD4_TCM	MRPL39	21:27783039_G	-0.203289340570034	0.0332063736352569	-0.0423346389788533	0.976384611501493
CD4_TCM	FAM19A1	3:68336144_C	0.213108840247636	0.0368912260143411	-0.0671470525245978	0.952742160680378
CD4_TCM	MRPL30	2:100540934_T	-0.208000515158542	0.0438910385675996	-0.00178039463804036	1
CD4_TCM	MED31	17:6470598_A	-0.210387433721593	0.0377081804824258	-0.077013931140911	0.964801720233929
CD4_TCM	TMEM9B	11:8903152_A	-0.211271965628815	0.0321403829997581	-0.0636172222651801	0.980795531634258
CD4_TCM	DCAF4	14:73711673_T	0.216159557147796	0.0322334342359548	0.0201417466759289	1
CD4_TCM	RABL6	9:139570580_A	0.217131560303865	0.0372839889440612	-0.0133825906218611	1
CD4_TCM	COQ6	14:74388236_G	-0.216075410970291	0.0323406981994629	-0.0574483030856694	0.983978743895996
CD4_TCM	AK5	1:77655692_A	0.213519345222725	0.036310965713247	0.0219577296941484	1
CD4_TCM	NCL	2:232298076_A	0.207464012901487	0.0455720622674285	-0.0515624324244465	0.94713636931104
CD4_TCM	PREP	6:105886550_T	-0.208934318706087	0.0377099826576691	-0.0585081601180659	0.972698101083187
CD4_TCM	ELF3	1:201392764_C	0.21331689798567	0.0367267422975003	-0.0590404998286846	0.984103800272565
CD4_TCM	PTCD3	2:87047145_A	-0.207355165816808	0.0459132754327357	0.00799885401584248	1
CD4_TCM	VAMP1	12:6252961_T	-0.211626296846262	0.049416580739252	-0.0440056900601995	0.974233439296367
CD4_TCM	ILF2	1:152813598_G	0.213109588379455	0.0371703554873756	-0.0618658632503308	0.98406784904601
CD4_TCM	DUSP3	17:41145527_T	0.209772064344262	0.0405830872796456	-0.0133607983594281	1
CD4_TCM	CEP170B	14:105313998_C	-0.215565230779026	0.032973103451297	-0.0469170081396807	1
CD4_TCM	PRKCD	3:54219124_G	-0.212187019814488	0.041126702549038	-0.0225275582992847	1
CD4_TCM	CCDC19	1:160613089_T	0.212924016816703	0.0375838114865025	0.0329684165068825	1
CD4_TCM	CA11	19:48319411_T	0.219341075676698	0.0341159909626013	-0.00432393562768041	1
CD4_TCM	DTWD2	5:117972163_G	0.208302963586936	0.0472036884366414	0.0109361347550588	0.996045779366619
CD4_TCM	ZBTB49	4:3481646_G	-0.209508087752675	0.0408211370169176	0.0334249902837149	0.979549526644245
CD4_TCM	PRDM15	21:42651562_C	0.201803281766212	0.036144499536765	0.00495937918193743	1
CD4_TCM	TNFAIP8L2	1:150988961_T	0.212743209946174	0.0380024627070131	0.0311993330124183	1
CD4_TCM	NBPF12	1:146629691_A	0.21271479577303	0.0380697340290224	0.0435990120209402	1
CD4_TCM	CARD14	17:77248724_G	0.209399258401409	0.0423177455823528	-0.0774350910586068	0.963964407872568
CD4_TCM	CD5	11:60859990_C	0.210067333734963	0.0347115410160783	0.0722949825024885	0.976433702419413
CD4_TCM	WDR48	3:38305141_A	-0.211756105037459	0.0433366498518523	0.0122813546716477	1
CD4_TCM	GVQW1	9:31629117_G	0.216131148858573	0.0388154819489451	0.00574687291790517	1
CD4_TCM	AP2A2	11:1027811_T	0.209939922035482	0.0350236511329665	0.0322666169295127	1
CD4_TCM	CADM1	11:116003563_C	0.209936452377742	0.0350322658377412	-0.0147778903693027	1
CD4_TCM	RASL11B	4:53322015_C	-0.208717772355871	0.0447395330093278	-0.0387732359134792	0.979549526644245
CD4_TCM	RNF25	2:220410188_A	0.206187182430289	0.0495958951210674	0.017977251717667	0.992631912312504
CD4_TCM	TMEM231	16:75581649_T	-0.214670743335148	0.031794506335754	0.00319832620188291	1
CD4_TCM	KIAA1841	2:60846858_G	0.206078685254156	0.0499414017661817	0.0152180732518393	0.992829110147705
CD4_TCM	CAMTA1	1:7093213_C	0.211757849183847	0.0406009210484716	0.045918710404673	1
CD4_TCM	KNOP1	16:19895899_T	0.214219786560852	0.0329345708434366	0.0364679440862122	0.98999103806986
CD4_TCM	HSD11B1	1:209712889_C	-0.211597360501937	0.0410822856422815	-0.000970384470244467	1
CD4_TCM	CTNS	17:3817609_A	-0.208147046391448	0.0481794994673817	-0.000399013458869841	1
CD4_TCM	KIAA1429	8:95656273_A	0.207592374046961	0.0404871932093861	-0.0520552224640112	0.958771730179513
CD4_TCM	SYNGR2	17:76195153_T	-0.207931597670628	0.0492102312561628	-0.0398344564726961	1
CD4_TCM	ZDHHC13	11:18803797_C	0.208625358764752	0.0387221533847149	0.0475903778468092	0.99747202260485
CD4_TCM	BPHL	6:4071125_A	-0.206695505170693	0.047096282746444	-0.0182003534417726	0.996182438562394
CD4_TCM	SIGLEC7	19:51208607_T	0.217213670843324	0.0364290081033685	0.0160589796058241	1
CD4_TCM	TBC1D10B	16:31170067_C	0.213487578810413	0.0349750680647152	0.0483704590377236	0.98999103806986
CD4_TCM	HSD11B1L	19:6315789_G	-0.217134630980666	0.0365326248197579	0.0687523786242353	0.949023685878647
CD4_TCM	KATNAL2	18:44345299_C	0.225845991538102	0.0349170657535058	-0.0479450618324492	1
CD4_TCM	AC100830.4	15:65230010_C	0.216643703759866	0.0346573200102586	-0.0162643792565808	0.989993240488289
CD4_TCM	RFX5	1:150991700_C	0.21064134200165	0.0443692618754403	0.0261254887484051	1
CD4_TCM	PAK1	11:77883855_C	0.207932908420542	0.0410180305264014	0.0152386776970737	1
CD4_TCM	TRAF3	14:103823149_T	0.212994508321845	0.0362526459594265	0.0133341950877473	1
CD4_TCM	PGP	16:2063481_A	-0.212728329156375	0.0373779232394428	-0.00955959524406819	1
CD4_TCM	RFX3	9:2968107_A	-0.213402318342373	0.0476421725922191	-0.0198711336304872	1
CD4_TCM	ZNF219	14:20698068_T	0.212484382583311	0.0371637519413193	0.0354739359265469	1
CD4_TCM	NDRG1	8:134215631_G	-0.205998860853293	0.0436879615654643	-0.041253235862047	0.982976024570815
CD4_TCM	TRAPPC9	8:139990834_T	0.205848299972903	0.0440025049442941	-0.0294772520798881	0.99317423790946
CD4_TCM	HSPA2	14:65801811_G	0.211528020300414	0.039390486255056	-0.0480637919214292	1
CD4_TCM	BAZ1A	14:34238367_C	0.211209172638662	0.0403278527209113	-0.0032506992355201	1
CD4_TCM	SPATA33	16:89682350_G	0.210344121338037	0.0475578675899094	-0.0188957160408031	1
CD4_TCM	PVRL2	19:46314504_T	-0.213464276274337	0.0446624980413772	0.0688930376278659	0.948975097538414
CD4_TCM	IL16	15:81586063_T	0.212036874426354	0.0451263598067947	-0.0537540026359034	0.957917866356176
CD4_TCM	PTPRM	18:7418925_C	-0.22091344896354	0.0443720408060381	-0.073325579546519	0.971868146812279
CD4_TCM	ALPK2	18:56988930_G	-0.216248361540928	0.0484363976940223	-0.0123556465774702	1
CD4_TEM	AHI1	6:135943961_G	-0.267913455792551	0.0017476678160805	-0.0945574134279906	0.97626174918208
CD4_TEM	MAF1	8:145159099_A	0.266355552137855	0.00177534326648685	0.0394912401413361	1
CD4_TEM	PBX2	6:33018548_A	0.253394510523081	0.00938808097378954	0.0547889348366995	0.978495070552418
CD4_TEM	ACAT1	11:108013361_T	-0.260310819757645	0.00511897001310886	-0.0413006491187681	1
CD4_TEM	SNX9	6:158290168_C	-0.251195018714436	0.0107914706002337	0.0645029125258033	0.978495070552418
CD4_TEM	FAM26F	6:116769845_G	0.249515823394195	0.0113748859484233	0.0586540042231934	0.978495070552418
CD4_TEM	PPP1CA	11:67509087_G	0.25321546512802	0.00909797458133236	-0.062816741073426	1
CD4_TEM	MPHOSPH6	16:82203786_G	-0.267539316705161	0.00798348484220925	-0.12118696336028	1
CD4_TEM	MIAT	22:27214989_T	0.234693723908972	0.0324538474132574	-0.0319464465427766	1
CD4_TEM	FBLN5	14:92338342_A	0.25569907009526	0.0158554662282917	0.102295682006669	0.993303443064745
CD4_TEM	CNOT11	2:102569724_T	0.231882895393713	0.0475417545876773	-0.0203342174609132	1
CD4_TEM	MT1X	16:56716798_C	-0.255262189486988	0.0100259365254941	-0.0205827861490722	1
CD4_TEM	NDUFS5	1:39465139_C	-0.246924765350723	0.0184498297958068	-0.110489518733221	0.987745749831568
CD4_TEM	RRS1	8:66657050_A	-0.233902101078025	0.0462899578212854	0.0356548088143339	1
CD4_TEM	ABAT	16:7904697_A	-0.247976801002709	0.0145879806768725	-0.118328962452882	1
CD4_TEM	MTFMT	15:65285412_G	-0.252330386096176	0.012972431397801	0.0209979791161009	1
CD8_Naive	PAK1	11:76959329_T	-0.27148078348217	0.000228101559723199	-0.0614201142544761	1
CD8_Naive	RAB1A	2:65238050_A	-0.256847393954312	0.00160042079164652	0.0362361349749256	0.989690222182594
CD8_Naive	BANF1	11:65689304_A	0.255663346335202	0.00139572738340172	0.043569564038673	1
CD8_Naive	NDUFC2	11:77196010_C	-0.25294775511574	0.00205900594455189	0.00568396464564478	1
CD8_Naive	TPD52	8:81007108_T	-0.258017638516331	0.00581002841962215	-0.100758066862824	1
CD8_Naive	C16orf72	16:9319676_A	-0.256511956840809	0.00659022719654253	0.0261545788590808	0.996591458033325
CD8_Naive	UBXN6	19:4370004_C	-0.260120187674766	0.00639831077192561	-0.0273886820401071	0.995274171316522
CD8_Naive	KIAA1191	5:174983467_G	0.243488616695277	0.00789684068758025	-0.00600609691277239	1
CD8_Naive	CHPT1	12:102078094_C	-0.257433563914465	0.0189454262567532	-0.0415461631577416	1
CD8_Naive	IFNGR2	21:35592798_C	-0.237752538785923	0.00508089857610198	0.022592102880021	1
CD8_Naive	IMMT	2:86131661_C	-0.243938127030974	0.00720944710817755	0.0195523122698743	0.992302205577091
CD8_Naive	SLC12A5	20:44630653_G	0.248905897973793	0.00486405047059713	0.03232752992352	0.995291103607681
CD8_Naive	MED15	22:21382896_C	-0.238619888326211	0.00740975727765787	0.0439831776056678	0.989555804159363
CD8_Naive	POLR3K	16:833727_A	-0.247248410762669	0.0118450805876954	-0.0792377288022951	0.977635571304275
CD8_Naive	NCBP1	9:101258956_T	0.243565374985308	0.0242163720033425	0.0257310012824445	0.991226830628228
CD8_Naive	PFDN6	6:33782328_T	-0.240302921229136	0.0266116911896895	0.00822478850118839	1
CD8_Naive	POLDIP2	17:27542460_A	0.249542052603571	0.00773628114048097	-0.0272488696413929	1
CD8_Naive	UBE2K	4:40067973_C	-0.235052660290269	0.0137460862709631	-0.0206286235429322	1
CD8_Naive	RPS27A	2:55474026_G	-0.233966432755549	0.0142997277126742	-0.0513199496677189	0.977301588682921
CD8_Naive	ANKMY2	7:17582940_G	0.239929973413082	0.0211393279532446	0.0130943361544137	1
CD8_Naive	CNIH1	14:55048710_A	0.242746414529875	0.0168353640731655	0.0728607598253365	0.98657552707771
CD8_Naive	ACYP2	2:54474998_A	0.230334184593291	0.0237546348830728	0.0674028630875028	0.96665969387191
CD8_Naive	PADI4	1:16731276_C	-0.238670587370788	0.0207100412071791	-0.00602867114599083	1
CD8_Naive	CORO7	16:3451101_A	-0.23785557395093	0.027133417157093	0.0741248870204573	0.977635571304275
CD8_Naive	MDM4	1:204520209_T	-0.237750589845699	0.0224063332345335	-0.100412630529155	0.996737015635507
CD8_Naive	ZBTB16	11:113464659_T	-0.228983689662618	0.0308604757067086	0.0176584903472005	1
CD8_Naive	DERL3	22:24982522_T	-0.225406340500121	0.0252130382776704	-0.0725146426516694	0.95049323799494
CD8_Naive	LSM2	6:31299899_C	-0.231696385936132	0.0298052379215724	-0.0808302799921894	0.999003458788026
CD8_Naive	MDGA1	6:37596982_T	0.230757436187196	0.0298052379215724	-0.0461057224570486	1
CD8_Naive	ANAPC1	2:112446433_T	0.225829347812087	0.0284942474102258	0.0292086869101438	0.990920432403787
CD8_Naive	IL17RA	22:18299937_G	0.222724632931356	0.0269360996442241	-0.0513055219660046	0.971344667868009
CD8_Naive	TRIM56	7:101199845_C	-0.231779155512013	0.0279039369008544	0.0242585280766534	1
CD8_Naive	IL10RB	21:35612711_A	-0.216710888158377	0.0279486801053659	0.0484956847280547	1
CD8_Naive	MDS2	1:24012945_T	-0.232764581617031	0.0321960764779231	-0.0692821901611119	0.997656144336161
CD8_Naive	KIAA0930	22:44657488_A	-0.220201769887569	0.0295112323253488	0.0561876607208218	0.967261155382101
CD8_Naive	QKI	6:164023865_C	-0.224323520025965	0.0350498180257695	-0.0033832057904217	1
CD8_Naive	CCDC57	17:80139179_G	-0.232153288292841	0.0329754136439302	-0.0660818842673406	0.974817827042426
CD8_Naive	SYNGR2	17:76527693_T	0.23207081589464	0.0330088296529407	0.0222482287114175	1
CD8_Naive	C21orf2	21:45853469_G	0.211698382276534	0.0448002561346953	0.00105763534548524	1
CD8_Naive	LEPROT	1:65886398_C	0.22821200231528	0.0368850021007969	0.0554276735456355	0.99853825853625
CD8_Naive	MFSD11	17:74970032_T	0.229056770383303	0.0358216496684436	0.0338533003827737	1
CD8_Naive	ZNF684	1:40549454_T	0.226048573319185	0.0431307089809226	0.0300286897238664	1
CD8_Naive	CTNS	17:4398655_T	0.225414393797223	0.0447535671966207	0.0049860931596598	1
CD8_Naive	MYO19	17:35000530_G	0.220497470508291	0.04635920567389	0.0296272511414967	1
CD8_Naive	MED31	17:7166660_T	-0.218008277308897	0.04635920567389	-0.00458063061171333	1
CD8_Naive	P4HB	17:78883164_C	0.216586465252971	0.04635920567389	0.0241245552859802	1
CD8_Naive	PNPO	17:46795829_T	-0.217910339423188	0.04635920567389	0.0255963758729021	1
CD8_Naive	SCRN2	17:46079756_A	-0.216597931981337	0.04635920567389	-0.0495371878274597	0.994860616131118
CD8_TCM	RPS6	9:19359457_C	-0.306918226977376	9.77394850529239e-05	-0.133324284446142	1
CD8_TCM	TRAM2	6:53357585_T	0.256426742650475	0.0166205897309902	0.0120380546643693	1
CD8_TCM	UBE2J1	6:90019496_A	-0.253251455694135	0.0197231155334132	-0.119957598535603	1
CD8_TCM	AGMAT	1:16007391_A	0.267164431653933	0.0185537995367378	0.0415661602091618	1
CD8_TCM	ADARB1	21:46456779_C	0.24221679136281	0.025558935354394	-0.00810869348931258	1
CD8_TCM	IWS1	2:129191043_T	0.246696178679086	0.0464172857000231	0.00325967675568087	1
CD8_TCM	TSC22D4	7:99159333_C	0.252276820938339	0.0451267424644403	0.0927682816438746	1
CD8_TEM	GLTSCR2	19:48261615_C	-0.323862224006649	3.98670349768252e-05	-0.096200907714058	0.96672690875216
CD8_TEM	CMC1	3:28219791_T	0.286093469786236	3.46470359776221e-05	0.0724508875450353	0.975137986616606
CD8_TEM	PASK	2:242047750_G	-0.274623467912339	2.38356268388299e-05	0.00275863398059093	1
CD8_TEM	ZNF30	19:35457829_T	0.268988155760315	0.000669450027900505	0.0276856550081052	1
CD8_TEM	BOK	2:242511217_A	-0.259944961441045	0.00118209102215737	-0.0496505862755518	0.989233875283907
CD8_TEM	N4BP2L2	13:33802846_T	-0.26015898633236	0.00121062931280333	-0.00701053951375072	1
CD8_TEM	HOXA10	7:27093415_A	0.254299762790837	0.000890008552097686	-0.0182650796954466	0.999041611468436
CD8_TEM	PPP2R5B	11:65401336_T	0.252728565454142	0.00230572991862716	0.011924077594963	1
CD8_TEM	CAT	11:34443471_A	-0.252342777416863	0.00244704260427999	0.0105350955722399	1
CD8_TEM	ICA1L	2:203688306_T	-0.248315574924445	0.00234759483128671	-0.0425576644799987	0.998788150012795
CD8_TEM	ELMSAN1	14:74124423_T	-0.254235915094241	0.00251297883036425	-0.0589102826359918	1
CD8_TEM	MED23	6:131416943_T	-0.243308152383534	0.00423814640503833	0.00161115180093244	1
CD8_TEM	FKRP	19:47211778_C	-0.255399977861772	0.00460684873138532	-0.068082209712895	0.978129148523797
CD8_TEM	BTBD7	14:94479804_A	0.252623570383218	0.0027355015968438	-0.0236522833598186	1
CD8_TEM	PPP6R2	22:50746955_C	-0.239995732040057	0.00413671625377324	-0.0606137135458136	0.983147888473767
CD8_TEM	NAP1L4	11:3037536_C	-0.242373219601487	0.00507621829428274	-0.0360893740515324	1
CD8_TEM	CCDC136	7:127972518_A	0.236642118967797	0.00637737527254687	-0.00786793697200333	1
CD8_TEM	MICA	6:32014575_G	0.238641396959094	0.00625720209350451	-0.0100470026011167	1
CD8_TEM	LINC00887	3:194245316_C	-0.241421917139475	0.00361325248759735	0.0285291374044069	1
CD8_TEM	UBE2G1	17:3396126_A	-0.242423740122791	0.00630569953218508	-0.0371943236326485	1
CD8_TEM	GRK4	4:2858005_G	-0.23877338206539	0.00756355260257962	-0.00654813088022338	1
CD8_TEM	CARS	11:3037536_C	-0.236644271808824	0.00810597129964296	-0.0506706905262993	0.998873475950193
CD8_TEM	SETD5	3:9402061_A	-0.238851123495655	0.0048424590400071	0.0596191240025117	0.982963829428986
CD8_TEM	SPON2	4:1317192_T	-0.236351341166943	0.00937449205952335	-0.0545203861773215	0.97152058589746
CD8_TEM	ESD	13:47350124_A	-0.23732408596733	0.0269933460245676	-0.0290404623436199	1
CD8_TEM	PRR5	22:45147760_G	-0.230391344992946	0.0122769333334073	-0.0349995763091915	1
CD8_TEM	NEIL2	8:11648080_G	0.235631238894679	0.0060608705453688	0.0367476637978915	1
CD8_TEM	REV3L	6:111866307_G	-0.231252189092363	0.0163929210276269	-0.034421678163567	0.994332395569078
CD8_TEM	ASB6	9:133277039_T	-0.23510411825119	0.0118404297550489	-0.0223762613070332	1
CD8_TEM	LINC00662	19:29196997_A	-0.244280463025919	0.00869529537890986	0.0258187982218623	1
CD8_TEM	AC007773.2	19:33895314_A	-0.243609170877781	0.00882569008297373	0.0418771678407689	1
CD8_TEM	SLC35G2	3:136477755_C	0.234783269902495	0.0101982709903427	-0.0364637281912604	1
CD8_TEM	PFKM	12:48863227_C	-0.231262803578389	0.0200597606497354	-0.0503916864636116	0.974377863942389
CD8_TEM	CD52	1:26481589_C	-0.236219196774479	0.00841045729568313	0.0111126145640299	0.996151650037938
CD8_TEM	ANXA2R	5:43183248_A	0.229622084420384	0.0137211854964821	0.0619628718842475	0.974018912154033
CD8_TEM	MTUS1	8:17625357_G	-0.231559574009599	0.00798099408718227	0.0177611894964842	1
CD8_TEM	NOL12	22:38085523_A	-0.226579600425347	0.0132034455637785	0.00405194217216575	1
CD8_TEM	HMGN3	6:80661904_G	-0.227770664960542	0.0208505082889975	-0.0146239285942098	1
CD8_TEM	TMEM242	6:157256310_T	0.227603747677567	0.0210157113830599	0.0293497926077054	0.994332395569078
CD8_TEM	MAPK14	6:36255803_G	0.227520541415187	0.0210971289733895	-0.054134689969219	0.984306927979561
CD8_TEM	WBSCR22	7:72878044_G	0.225335416132972	0.0249572589136256	0.0378301421145971	0.988759462118755
CD8_TEM	PPIG	2:171229016_G	0.227951665378879	0.0207530804017856	-0.0291876165971458	1
CD8_TEM	EIF4G3	1:21517361_G	0.232166320537269	0.0147630503083191	0.0717947868480134	0.948268726268041
CD8_TEM	HSCB	22:30104285_A	-0.222974091636743	0.0150560691125964	0.0423600936787324	0.99699377632088
CD8_TEM	FAM134C	17:41674976_G	-0.230822133449682	0.012112763759594	-0.0142825722244587	1
CD8_TEM	SPTBN4	19:40273441_G	0.237447861958568	0.0145317846493597	-0.0138211917454165	1
CD8_TEM	TGIF2	20:36052339_A	0.225648972344066	0.0208287665305013	0.0279234380145886	0.994347493832991
CD8_TEM	NIP7	16:68641650_A	0.226921147474631	0.0184106355956302	-0.0311916246529845	1
CD8_TEM	TWF1	12:43987142_T	-0.225869862882268	0.0301941036751374	-0.028724084376999	0.993518779309749
CD8_TEM	PARP15	3:122367592_T	0.228827027941634	0.0202175383595433	0.0591737107588136	0.982963829428986
CD8_TEM	PSRC1	1:110055806_T	-0.23055021898089	0.0189590798361394	-0.0212188927727564	0.994009725189881
CD8_TEM	TNFSF8	9:117592778_T	-0.227578465909064	0.0267488835076743	0.0264875559550049	1
CD8_TEM	PTPN23	3:46835250_C	-0.228482123321724	0.0206739936445809	-0.0486553299988234	1
CD8_TEM	HIST1H4E	6:26391153_G	0.223124860089865	0.0250165250690524	-0.0489229779410155	0.994332395569078
CD8_TEM	ZNF154	19:58670181_A	0.236040617594162	0.0153021471917552	-0.0628428950954136	0.981840967890479
CD8_TEM	C2orf74	2:61499789_T	-0.224758499249395	0.0218447028335263	-0.00815992966486777	1
CD8_TEM	ETS2	21:41108661_A	-0.211352633913081	0.0232799049658844	0.0185443566411127	1
CD8_TEM	B3GALT4	6:32680640_A	0.22254598542317	0.0255448001118628	-0.010795082049972	1
CD8_TEM	MLTK	2:173293076_T	0.223939405927336	0.0223809851477853	0.0515577128870172	0.987129310506111
CD8_TEM	RBM38	20:55973344_A	0.22359827447806	0.0239876859175459	0.0571364350532222	0.980940021640934
CD8_TEM	ANKRD18A	9:38672523_T	0.22576583942187	0.0298597762174528	0.0358583109923171	0.992337856625686
CD8_TEM	TPRA1	3:127254061_G	0.22657964235405	0.0237419159135129	0.0645449893516425	0.980632931844065
CD8_TEM	PIM1	6:37517871_A	0.221396756772306	0.026605402654987	0.0618617962871454	0.96133174821997
CD8_TEM	VPS52	6:32970450_A	-0.221189402657481	0.0267966681430797	0.00518750492103936	1
CD8_TEM	TRIAP1	12:120009262_T	-0.223522717253915	0.0301941036751374	0.0622175225059077	0.970409547286708
CD8_TEM	GGACT	13:101746495_C	0.226861486156561	0.0311193267873081	-0.0283745787595233	1
CD8_TEM	LST1	6:31098134_T	0.22081566639335	0.0271401958087954	0.0472323947188187	0.994332395569078
CD8_TEM	NBL1	1:19977525_T	0.227509764189915	0.0269955383621803	0.0552491122464614	0.962421978260109
CD8_TEM	MPDU1	17:8032068_T	0.226523455205693	0.0224156124904701	0.0112576923577318	1
CD8_TEM	C20orf27	20:3723759_T	-0.221384364824332	0.0274221340404448	-0.0616005412686242	0.980940021640934
CD8_TEM	ST6GAL1	3:187536139_T	0.224845758139692	0.0273154068250307	0.0326169511734021	1
CD8_TEM	MCEE	2:71273898_C	0.221179306798689	0.0274777753119409	-0.0265625666668569	1
CD8_TEM	NFAM1	22:43797063_A	0.217026488488221	0.0266169483169156	0.0360101438017574	1
CD8_TEM	TMEM44	3:193633223_G	0.224666588352129	0.0277203024009715	-0.0150737987897925	1
CD8_TEM	SEC16A	9:139425634_G	0.223485938392677	0.0339171163208173	0.0251089233041427	1
CD8_TEM	NDUFAB1	16:23381914_A	-0.222011276267982	0.0245482765635356	0.00370793367989204	1
CD8_TEM	COX4I1	16:85330534_G	0.221939949512946	0.0247031938021246	0.0502907629778443	0.997231486637983
CD8_TEM	AC012358.8	2:55269388_C	0.220668825096199	0.0289430574240954	0.0315328387892591	1
CD8_TEM	PAXBP1	21:34808649_G	-0.207022662980716	0.0289439927044185	-0.0218432772841377	1
CD8_TEM	TMEM128	4:4250820_T	-0.222314545109794	0.0352570479654933	-0.0551699885545481	0.970628787809629
CD8_TEM	NAPG	18:10562656_G	-0.247756237636077	0.0218477678631842	-0.0155469486337229	1
CD8_TEM	APOLD1	12:12889289_C	0.220801130900758	0.0307977498317378	0.0483104831178158	0.974377863942389
CD8_TEM	IL11RA	9:34061733_A	-0.222494543666292	0.0358813482295039	-0.0194678654717131	1
CD8_TEM	CENPN	16:80426861_T	-0.220904623360775	0.0272142126041115	-0.0542435733450472	0.988394155013106
CD8_TEM	C16orf72	16:8782425_G	0.220708574144865	0.0277476580081954	0.0403266072955085	1
CD8_TEM	CUL4A	13:113465320_G	0.223304512051115	0.041185782321592	0.00164252902772921	1
CD8_TEM	TBC1D14	4:7939915_C	-0.221349672939312	0.0397722582437331	-0.061378814455807	0.960591165774024
CD8_TEM	TSNARE1	8:143376820_C	0.220875491410675	0.0396926453160958	-0.00223071083091945	1
CD8_TEM	ZNF565	19:36733855_G	-0.229654602610137	0.0216009783906619	0.000114691463834581	1
CD8_TEM	ZNF234	19:44644499_C	0.229489610464321	0.0220637733721552	-0.0203048771194559	1
CD8_TEM	ARPC4	3:9864272_A	0.221918803484609	0.0347595709172261	0.0770748082813569	0.965561002470997
CD8_TEM	AC004854.4	7:44810166_A	0.214522092209146	0.0469393903922336	0.0329561265797481	0.989254498665434
CD8_TEM	UBASH3A	21:43832372_T	-0.203703473400504	0.034079186171924	-0.0458194898169163	1
CD8_TEM	ZNF791	19:12706991_A	0.227513813361558	0.0287788043436538	-0.0233941086128943	1
CD8_TEM	PHF5A	22:41914593_T	0.212681909100494	0.0355105505183579	0.0535868823270193	0.983635470495631
CD8_TEM	PPAP2A	5:54025811_T	-0.21544765808484	0.0420718832692003	0.0504843790524965	0.977357300112552
CD8_TEM	CTLA4	2:204721132_C	0.215965473951196	0.047829391035051	0.0596719381363984	0.987129310506111
CD8_TEM	AKIRIN2	6:88416570_G	-0.213913870526864	0.0377850854234254	-0.0421350370772599	0.994332395569078
CD8_TEM	AP000253.1	21:33151426_T	-0.201741797128775	0.0378842387342435	0.0268323726932367	1
CD8_TEM	DUSP8	11:1489457_T	-0.215955534885659	0.0421037116086324	0.0536881362488408	0.998873475950193
CD8_TEM	HVCN1	12:111169374_A	-0.215910343763185	0.040670060422585	0.00219376716848068	1
CD8_TEM	IPP	1:46027355_C	0.220303257541347	0.0364917795952456	0.0304748601521643	0.987076530066713
CD8_TEM	CERK	22:46353696_T	-0.210438609043972	0.039886457717924	-0.0256036747985354	1
CD8_TEM	PRDM4	12:107661129_T	0.215293925691051	0.0427989360802154	-0.0720923056269479	0.949571539147597
CD8_TEM	FGD4	12:33048743_C	-0.215156625761908	0.0433082194286278	-0.0285621271412261	0.993518779309749
CD8_TEM	DMKN	19:35955238_A	-0.225086371588968	0.0390191310678676	0.035672031985858	1
CD8_TEM	RTN4IP1	6:106415916_C	-0.211977021736108	0.0466576981727522	0.0366857069345634	0.994332395569078
CD8_TEM	C22orf26	22:46851714_G	0.209339046801196	0.0423817199342022	-0.0708864987588729	0.983105859773353
CD8_TEM	TRPM2	21:45357285_T	-0.199574583241917	0.0430974215220407	-0.0562700815444043	1
CD8_TEM	LSM2	6:31731014_G	-0.211584088763547	0.0488908486617709	0.050293373275814	0.993910411359847
CD8_TEM	BTF3	5:72587805_T	0.212097787878305	0.0485250967325235	-0.0195584116123308	1
CD8_TEM	ZBTB45	19:58280606_A	-0.223159390366271	0.0488283338227086	-0.0183559387956666	1
CD8_TEM	AL109761.5	21:19087335_T	0.198099835143731	0.0474229145014878	-0.0535794850209446	1
CD8_TEM	MTX1	1:154787029_A	-0.217430415982531	0.0473619030302387	-0.00490118748199301	0.999286906093175
CD8_TEM	C20orf196	20:5327726_G	-0.209599339447142	0.0456160799978435	-0.00746744725358313	1
CD8_TEM	NAA20	20:20504977_G	0.208802670443194	0.0456170149991054	0.00491117789729147	1
CD8_TEM	PIM3	22:51112019_G	-0.20425920903036	0.0495438399380304	0.0508771606661704	0.98754924129885
CD8_TEM	AC023490.1	22:19609256_G	0.204195409532311	0.0496060538374106	-0.0569113434206181	0.983289159829319
CD8_TEM	RTFDC1	20:55824475_C	-0.208667461938097	0.0456955568865606	-0.0628387698190261	0.980940021640934
CD8_TEM	CST3	20:23578206_T	-0.207152450897602	0.047649914225862	-0.0419999699036056	0.990962583584239
CD8_TEM	PLCG1	20:38872419_C	0.206817635766967	0.0484081304331611	-0.0625595533754472	0.980940021640934
DC	FAM26F	6:116822449_T	-0.380238655718714	0.000226452422542157	-0.220083947725345	0.537620484173927
DC	RPL10A	6:35417791_G	-0.267670919583382	0.0386268152687517	-0.19517358275759	0.573963710668117
DC	PAPD4	5:79682664_A	-0.272511292681671	0.00764315325019512	-0.0393084329400212	1
dnT	AHCTF1	1:247848731_G	0.387346492685488	0.00909392727613121	0.0115705264770507	1
dnT	RSBN1	1:114845410_A	-0.359843112569879	0.033828868625066	0.00842229701962772	1
gdT	S100B	21:47887436_C	0.448710555816128	8.49783268146486e-05	0.249599263543296	0.546633681164342
gdT	RPS3A	4:151478272_C	-0.388496271402136	0.0137772830995193	-0.272255685398676	1
MAIT	YBEY	21:47726332_G	-0.301709050011678	2.22575735836909e-05	-0.0445722661591203	1
MAIT	UCP2	11:73713129_C	0.278441115620425	0.0121410865413058	0.0928363699666907	1
MAIT	RNFT1	17:57388910_T	0.278026292331788	0.0229316259136112	-0.0857596658246086	1
MAIT	PPA1	10:71952447_T	-0.292024695015844	0.00471791131942977	-0.155491339433331	1
MAIT	RPL39L	3:186126912_A	0.314855384910789	0.0218187183851895	-0.0108542457919713	1
MAIT	MRFAP1	4:7463915_C	0.266075835255896	0.0100954488742841	0.00543137275800783	0.994260520729958
MAIT	UBE2G2	21:45611794_C	0.243393828754624	0.0198870203218515	-0.00266170793405803	1
MAIT	WRB	21:40101580_T	-0.241727438416322	0.0213804091241026	0.0450226511733883	1
Treg	TMEM156	4:39021910_T	0.287382163576293	3.61164025081765e-05	0.0857645033253603	1
Treg	UCP2	11:73680776_T	0.277167747086925	8.8211475232769e-05	0.107476102034758	1
Treg	CHN1	2:175706729_T	-0.26630076953675	0.000524245481972576	-0.0709019427298076	0.960311929389152
Treg	RBM38	20:56951331_G	0.267059713285742	0.00184558994811089	-0.0061737134524453	1
Treg	DDRGK1	20:3413970_T	-0.26418508748834	0.0042557016806876	-0.0187331942680381	1
Treg	ATAD2B	2:23720267_T	0.251462801356493	0.00231858889152168	0.0342047932451871	0.989296722221895
Treg	CES4A	16:67316600_A	-0.253417842913361	0.00473582801410058	-0.0271647710796273	1
Treg	TAF11	6:34520267_A	0.241061894398936	0.0158026791557966	0.0253910375114497	1
Treg	RIPK2	8:90733271_C	-0.244469538629818	0.0228919481202656	-0.0074970672929848	1
Treg	RNF5	6:31851234_G	0.236576562028726	0.0279581326990573	-0.0458078349380767	0.997770468017889
Treg	KCTD2	17:72195985_T	0.245643413876445	0.0120697418078729	-0.0461720542228463	1
Treg	IRAK1BP1	6:78887440_G	0.232102728801383	0.0471558126948844	-0.0176013764826377	1
Treg	CSF2RB	22:37832773_T	-0.225205096754428	0.0477618431266201	0.0278184950980216	1
Treg	SH3TC1	4:7522187_C	0.228874788470351	0.0370172911470609	-0.0578586566013622	1
Treg	CRELD2	22:50513405_C	-0.221621822823096	0.0477618431266201	0.00822763735018695	1
Treg	AC090186.1	8:52786158_A	0.232917744515552	0.0285820800662344	0.0783617328091475	0.985439812577217
Treg	TP53INP1	8:95986306_G	-0.23217219770641	0.0285820800662344	0.0825964584438236	0.985439812577217
Treg	FAM43A	3:194406966_G	-0.248358884507595	0.0419850835389408	-0.0328389756607121	1
Treg	RPPH1	14:21627109_G	0.22916352443164	0.025743850970702	-0.0161674595659724	0.998025554971343
Treg	NEIL2	8:11089079_G	-0.224999742653112	0.0285820800662344	-0.07724481997243	0.985439812577217
Treg	AC002331.1	16:25896362_T	0.227861655083567	0.0261983779665563	-0.00734574292603707	1
Treg	ZDHHC7	16:85104588_G	0.223353994446281	0.0334323363790779	0.0557447696727372	0.994216041983156
Treg	TRAPPC2L	16:88645931_C	0.221888784569479	0.0431661306244	0.0336154289622778	1
NK	DTD1	20:18793650_T	0.276571969730189	2.08043534867503e-05	0.0731467596631516	0.951602150771038
NK	GCH1	14:55357742_G	0.28049419493312	3.54594030477158e-05	0.0184092629425465	0.996063674397805
NK	CALR	19:13123188_T	-0.274429119456773	4.50017127273996e-05	-0.0895859059071497	0.937573909504152
NK	AKIP1	11:8756856_A	0.259310460221136	0.00102245377694354	0.0312430252243839	0.99587544024672
NK	IMPDH1	7:128019105_A	0.254685139996563	0.00149081169971086	0.0671187953935799	0.942239203666493
NK	IL12RB1	19:18260840_C	-0.264675961756964	0.00140146307442753	-0.0444658736114358	0.994851945351381
NK	GZMH	14:25152208_G	0.263913131565711	0.0017070194113498	0.0658300132400843	0.964212087475537
NK	SEMA4D	9:92153596_A	-0.256289729280533	0.000988668120392865	-0.0514476125296709	1
NK	LLGL1	17:18122471_T	-0.242822355110202	0.00304491508424192	0.00956680154649467	1
NK	ARHGEF10	8:1765990_G	0.243555883258997	0.00381048706279762	0.0635286724157537	0.974571863521764
NK	SPNS1	16:28906084_C	-0.242787138552507	0.00486872686986393	-0.0419726596221945	0.998998627881425
NK	LDHAL6A	11:18848412_T	-0.241320595872103	0.00233963740637287	0.0190963317156813	1
NK	LRRCC1	8:86028331_C	0.240783713495624	0.00486039686793869	0.0493520056205032	1
NK	GRAMD1C	3:113327959_A	0.245265827049914	0.00271988090520388	0.0229112632133263	1
NK	MTSS1	8:125596248_C	-0.239854498037783	0.00530493038188522	-0.0738107836403427	0.962651509231337
NK	ABLIM2	4:8129176_C	0.242849119375253	0.00983834685360016	0.0606082712139214	0.91831821479669
NK	ACP2	11:46286454_C	0.23551249625227	0.00442910892549143	0.0436278538941411	0.99587544024672
NK	GTF3A	13:27998600_C	0.243196068523456	0.0191356013027349	0.0346686277737193	1
NK	UBR2	6:42504868_A	0.233659824349595	0.00908669078225474	-0.0391365697483449	0.978038742332124
NK	TCF7	5:133179673_C	-0.238789344703904	0.0116834877426291	0.0129039480250417	1
NK	PAOX	10:135197051_A	0.235742081328554	0.00823914719363409	0.0369373897256363	0.988671293992121
NK	RRBP1	20:17414932_T	0.233450585863344	0.00623565331193948	0.0106055340371837	0.994705209810411
NK	STX4	16:31363253_T	-0.231908086755041	0.00933411224207335	-0.00915911235104996	1
NK	ARL17B	17:44215859_G	-0.226871257416929	0.015282638222043	-0.0831828737740461	0.954260334820997
NK	KCTD17	22:37421662_A	0.229159352025297	0.038478705959192	0.0211030432680898	1
NK	PWP2	21:45527460_A	0.219185976859149	0.0131807153433666	0.0577673382097848	0.95759459610117
NK	ZNF780B	19:41208128_C	0.23888094043609	0.0134006213106498	-0.0133183795462506	1
NK	ANKRD36C	2:97626485_T	-0.229019880300371	0.0163081428053267	0.0192467479072823	1
NK	HMGN1	21:40796751_C	0.218516582405417	0.0137298903589015	-0.0024498888509288	1
NK	ASPH	8:61606762_C	-0.228993954323383	0.0162110003560366	-0.012440705542174	1
NK	XAF1	17:5830838_G	-0.225068970863474	0.0172809358581742	0.0477589386456796	0.994709092523186
NK	CYTH4	22:37671896_A	-0.227513824222692	0.0422325936310206	-0.0684374012120281	0.963029212330886
NK	C11orf71	11:114286669_C	-0.227641055167824	0.0131076659676665	-0.0671403420872507	0.970144141402999
NK	ADSS	1:245352307_A	-0.233365177332638	0.0143301629454254	0.0295588813518095	1
NK	LINC00665	19:36813084_G	-0.23756394707118	0.0179719464578652	-0.0837859996891667	0.937573909504152
NK	SERTAD3	19:40923776_T	-0.236985766463287	0.0201810574519747	-0.104108039777577	0.92180044554005
NK	TMEM68	8:57300775_A	0.227353843557071	0.0175653971421848	0.0673742522291144	0.967914131521804
NK	YBX3	12:10858817_A	0.228914541889337	0.0216642512402865	0.0680417503038304	0.940721797019519
NK	SEC63	6:108086370_T	-0.225364793570671	0.0172496902068751	-0.0310830476485748	0.999866834494349
NK	C7orf73	7:136173567_A	0.223838671712777	0.0230419674302588	-0.0385226822582085	0.974552072166648
NK	LRSAM1	9:130303640_G	-0.227918480626449	0.0133792348529966	0.041155516867438	1
NK	PKNOX1	21:44509158_C	-0.21536747051188	0.0165713534863902	0.0276334884002947	1
NK	RALGPS1	9:129054475_A	0.227045301089595	0.0147460709664397	-0.0670881166491783	1
NK	DYNLRB2	16:80834612_A	-0.225315543563524	0.0174936521718162	-0.0156672698012357	1
NK	CDK5RAP3	17:46029432_G	0.22107793791431	0.0236038287632533	0.0754410058531373	0.959335064282079
NK	RBAK	7:4216771_C	-0.222130657673912	0.0245392076818828	0.0208924256754538	0.995354155993985
NK	LINC00174	7:65068587_G	-0.221796779026211	0.0248291001921759	0.046826194812652	0.974552072166648
NK	LINC00205	21:46265134_T	0.213476974719747	0.0188267371632098	-0.0268635418773966	1
NK	ARAP3	5:141226788_A	0.228514039142887	0.0224163946651631	0.0711050941186711	0.979679942686904
NK	POLA2	11:65584733_T	-0.222981015353011	0.017864162554969	0.0453611648098378	0.99587544024672
NK	FLOT1	6:31348505_C	0.222376865648741	0.0191810050767329	0.0168779075915609	1
NK	RNF31	14:24041624_C	-0.234429944046534	0.0194543905039699	0.0377311262396661	0.996063674397805
NK	SKIV2L	6:32159956_C	-0.221724188748433	0.0197464938225183	0.0210132825932154	1
NK	REPIN1	7:149160886_C	-0.220478298283894	0.0260370853604643	0.0153778378924795	1
NK	PMS2	7:5518268_A	-0.220270573054298	0.0262419488315872	0.0294660976840866	0.976371431468438
NK	FCGR3A	1:161500130_G	0.227944256259195	0.0227800629999849	0.0249686300492464	1
NK	LRP1	12:57257244_A	-0.224841746886476	0.0269566177854863	-0.000859547509499312	1
NK	WDFY4	10:50466085_G	0.224952885378341	0.0107269193789494	0.0224772276764807	1
NK	ABCA5	17:67423228_G	0.218729280952048	0.0278167853258152	-0.0131277436647037	1
NK	POLR2E	19:1095030_T	0.232296839952487	0.0305539986565045	0.0480876649714692	0.994788888804465
NK	CHRNB1	17:7320142_T	-0.218459486947339	0.0282880674154125	-0.0790657450190839	0.954260334820997
NK	NUAK1	12:106466859_C	-0.224006096723088	0.0282526014525009	-0.035647627318037	0.996740709577325
NK	CSNK2B	6:31603591_G	-0.220291487690566	0.0213056455441904	0.0621939281348055	0.947361508101614
NK	KPNA4	3:159932610_C	-0.225132699447867	0.0206673049084412	-0.0478598916735158	0.991073700289648
NK	PTPRA	20:2828419_G	-0.2227694076397	0.0146307972006457	-0.0469790033195844	0.978073726278073
NK	IGLL5	22:22336512_A	0.220455447937662	0.0475745653650673	-0.0163662826000577	1
NK	GIMAP4	7:149542278_T	0.218188672298626	0.0286311780400727	0.0247339135340324	0.984252865432344
NK	LTN1	21:29311416_C	0.209615568726176	0.0268295168815425	0.0281777437967512	1
NK	SPAG7	17:4935607_A	-0.21713589758252	0.0307466946980311	-0.00943300991810648	1
NK	IRAK1BP1	6:79564429_A	-0.219375125861799	0.0225998378177855	-0.0580980983477053	0.954522854109983
NK	C5orf42	5:38146497_C	0.225071089494552	0.0333809212075892	-0.00650320212449816	1
NK	PRKCE	2:46486019_C	-0.220301990008165	0.0270451360883781	-0.0350073137217014	0.992511536986344
NK	KAT6A	8:41688047_C	0.220303540640539	0.0238077732052752	0.0321944679901397	1
NK	LINC00852	3:10255002_G	-0.223608704154337	0.023690145099963	0.00985559576861558	1
NK	HELZ	17:64766443_G	-0.216361015814332	0.0324179074314399	0.0691383436334301	0.96357700020688
NK	TOMM20	1:236060417_T	-0.22495690233527	0.0249252596306289	-0.00749654613475412	1
NK	ADAP2	17:28249302_G	-0.216019992542561	0.033239670062052	0.0777189480189345	0.954527592303006
NK	PSMG2	18:12892169_C	-0.238064731677015	0.0146438206068043	0.00235744009477269	1
NK	AC027763.2	17:6903944_A	0.215948219042775	0.0334207221662805	0.0821178292911858	0.954260334820997
NK	ZNF335	20:44976985_T	0.220364159509707	0.017778882714904	0.0215321821787005	0.994705209810411
NK	CCDC43	17:42259463_A	-0.215372237769224	0.0349920653599846	-0.0675417411965924	0.96357700020688
NK	LMF2	22:50466543_A	0.218463094014451	0.0478339891318632	-0.0476001585524855	0.998502470615441
NK	FOXP4	6:41354324_C	0.217293677214265	0.0265727686165173	-0.0552034991672643	0.970729403652753
NK	DHTKD1	10:12594175_C	0.220850840662596	0.0181862432070633	0.0305140119341409	0.998950708819472
NK	GLS	2:191763508_A	0.218814247142461	0.0317070057272897	-0.0315369221095289	1
NK	EMC6	17:4519139_C	0.215270017564066	0.0352954607886073	0.0380012905090652	0.994709092523186
NK	ROGDI	16:5157606_T	0.219108143112724	0.0299127274263566	0.0307360937700864	1
NK	CCDC25	8:27513031_A	0.218425608409009	0.0264406696631129	0.00379300078940034	1
NK	TMEM128	4:5013312_G	0.222965811385939	0.0322539556934574	0.010225553624239	0.992246252087724
NK	MGRN1	16:4776453_C	-0.218461248860255	0.0315589498560804	-0.0548954914473862	0.967938581753266
NK	RAB24	5:176772736_T	-0.222715585604294	0.0386582208172634	0.0135133639429502	1
NK	NELL2	12:44019588_T	-0.22008968101684	0.0386899582351424	-0.0241943435989997	0.999352873817818
NK	CNN3	1:96008701_T	-0.222956150893848	0.027212987234268	0.0213364147346609	1
NK	ACOX1	17:73839498_A	-0.213726127218627	0.0410822819545513	0.00251754916377951	1
NK	MTFR1L	1:26838654_G	-0.222535867422782	0.0279073505985399	0.0229547487436324	1
NK	CERS4	19:8257366_G	0.227730393395955	0.0417796556718444	0.0389268807717221	0.994851945351381
NK	MTHFS	15:79306470_T	-0.227877411776825	0.0188900209720788	-0.0244109440642848	1
NK	ZNF211	19:58618528_G	0.22757693974031	0.0423071070439151	0.0208882470316554	1
NK	CDCA3	12:5983897_T	-0.219224577294924	0.0420458120788528	0.0445062079025548	0.976845178677288
NK	DDX39A	19:14895046_T	0.22738834123808	0.0429713552184912	-0.00296293194835512	1
NK	AE000662.92	14:23071656_A	0.227774900839139	0.0351214050336936	0.0880291113894415	0.936633579324043
NK	SNHG9	16:1383608_G	0.217362522651881	0.0347002765456517	0.00254553879763351	1
NK	MANEA	6:96396656_G	0.214701142973771	0.0328966264362365	0.0324532091428172	0.992933130513874
NK	C17orf67	17:54967404_C	-0.212493963450115	0.0474356601242643	0.0132718476014529	1
NK	TARS	5:33528825_A	-0.220918202692128	0.041195977681653	0.0412447321342445	1
NK	PDE6G	17:79580726_C	-0.212273541567701	0.0487102786268289	0.0437584081458496	0.994709092523186
NK	GRAMD1A	19:35483757_A	0.226359388943661	0.0468163781427828	0.0978560270105638	0.931715885529549
NK	NADK	1:1034243_T	-0.220799035852233	0.0316837884106092	0.0567664565588069	0.980696077288748
NK	RPS27L	15:63139366_C	0.225948180619013	0.0216034071994038	-0.013441072846246	1
NK	SDHAF2	11:60835704_C	0.214124808902132	0.0427801528662725	0.02623637590502	0.997027657579871
NK	TP53TG1	7:87587857_C	0.21223117915426	0.0407045445662909	0.0106079602512798	1
NK	ZSWIM3	20:45217010_C	-0.215222252195871	0.0253382774060052	-0.0551124369458914	0.976785304213722
NK	ARFIP2	11:7272397_T	0.213515491701107	0.044775466513074	0.0195984080638764	1
NK	HOXA9	7:27547498_A	0.21173033319835	0.0422715480644307	-0.0179355443006476	1
NK	STAU1	20:46784606_G	0.214373693563856	0.0266288408705031	-0.0545109877724768	0.97715499132919
NK	COL6A2	21:47476701_C	0.202687093162675	0.0410789254654596	0.0434356248228109	0.986334278764411
NK	SLC18B1	6:132411677_A	-0.212326793931872	0.0388208778641382	0.0437510538858287	0.978038742332124
NK	SLC41A1	1:204994649_G	-0.218734265110116	0.0383057863370174	0.0384265825511803	0.999952118423272
NK	RNF26	11:120083118_C	-0.212372703997809	0.0483503821038288	0.0274438795777512	0.99587544024672
NK	CDC123	10:12314703_T	-0.214997488373906	0.0333233787947056	-0.019146635061872	1
NK	OTUD7B	1:150512253_C	0.218125894931695	0.0407541298331797	-0.0164188170447784	1
NK	TOX2	20:41706094_A	0.213347824141616	0.0283454053425528	-0.0510523392915042	0.978073726278073
NK	TTLL3	3:10882275_C	-0.216404688872345	0.0362376874057211	-0.0526649327773132	0.990725311741391
NK	WDR37	10:984395_A	0.214335558349219	0.0353761013732434	0.0728570252431496	0.970501544990229
NK	MFHAS1	8:8286106_G	-0.212406780016041	0.0394682884473445	-0.00922376229045154	1
NK	NRIP1	21:15991200_C	-0.20121812706528	0.0423419042013921	-0.0399381215877408	0.997990140682648
NK	TMEM176A	7:150946030_C	-0.209799658805389	0.0496211505034999	0.0670512298978512	0.942454689865157
NK	MYL9	20:34849290_T	-0.212498729256477	0.0300047738073	-0.0700619764518899	0.953600549297251
NK	ZNF410	14:73705476_A	-0.223158478787858	0.0487796517988371	0.0497384101184515	0.996063674397805
NK	GATA3	10:8097368_A	0.213236083628372	0.0391961301668444	0.0371199815339548	0.988671293992121
NK	RPL7L1	6:42835487_T	0.20989172384356	0.0463782010471401	0.0182424499590562	1
NK	ZSCAN30	18:32644588_T	0.229164310164158	0.0300279490658085	0.00782943299523295	1
NK	DCAF6	1:167122967_T	-0.216154054399821	0.0497450979154022	-0.0496863146968808	0.981275896588317
NK	HEATR4	14:74160854_C	-0.222212376290185	0.0497150363134484	0.0195248535290735	0.996063674397805
NK	EOMES	3:28631107_G	0.214346084175387	0.0413301985804746	0.0277914836843198	1
NK	L3MBTL1	20:42712755_A	-0.210385186530737	0.0358309712823165	-0.0288697131729868	0.991628181499799
NK	PPP1R3B	8:9376529_G	0.210125315967061	0.0473088274839653	0.0079332563288381	1
NK	TUSC2	3:50571585_G	0.213651509717422	0.0434072842806744	-0.0231624846970984	1
NK	PSMA4	15:79747988_C	0.219887926947192	0.0234441321334683	0.065482221800304	0.962568444516253
NK	PAK2	3:195495916_C	0.213119352100229	0.0451270955146737	-0.0100961302355262	1
NK	IL2RA	10:6049344_T	-0.210750356114634	0.049821863899461	-0.0742576159837036	0.969107372851523
NK	AP001062.7	21:44871023_G	0.196755668253827	0.0462434914940837	-0.0508323262695856	0.979272826696002
NK	APP	21:26490477_T	0.19637621881546	0.0467708599934512	-0.0435486795596612	0.986001992323416
NK	BNIP2	15:60239714_A	0.213970229023744	0.0359990425236621	-0.0180343097845254	1
NK	NEO1	15:73628847_A	0.21380984825119	0.0366484925086152	0.0850893891593291	0.960122083860491
NK	EMC4	15:35020391_G	-0.212362494752319	0.0432801413676614	0.0339382841170853	1
NK_CD56bright	DVL2	17:7019878_G	0.29626405305098	0.00145762399882768	-0.0256227562247777	1
NK_CD56bright	DCXR	17:79993212_T	0.292209986166309	0.0145586501165868	0.162137329830482	1
NK_CD56bright	KLHL5	4:38562035_A	0.264549453047257	0.00902718776742021	-0.0216051595554876	1
NK_CD56bright	TTC9C	11:62309586_A	-0.271129880779551	0.0368376411465714	0.0501277170913973	1
NK_CD56bright	FAM26F	6:116731518_C	0.267454999612318	0.0453285687266377	0.0732398273180305	1
NK_CD56bright	APP	21:27751176_T	0.239713553827868	0.0414996717221071	0.0629041893640495	0.960644233656334
NK_CD56bright	HSP90AA1	14:102474286_C	-0.274982505265583	0.00882161210405804	-0.0678358415842701	1
NK_CD56bright	PTGDR	14:52717782_G	0.257241285346801	0.0445781724512783	0.114556638276772	0.997412056232529
NK_Proliferating	NDUFA12	12:95390378_A	0.346661264748789	0.00133153745047536	0.144291142747815	1
NK_Proliferating	MT1E	16:56652051_A	0.33325138944543	0.0204651406443029	0.0782739654164774	1
Plasmablast	C11orf24	11:68082403_T	0.4101448078089	0.000491074424859733	0.184414951892194	1
Plasmablast	SEC11C	18:56756677_T	0.40210391797718	0.00109609618603256	0.146776069920697	1
Plasmablast	PI4K2B	4:24719104_G	-0.352924007591614	0.0125954272086409	-0.0396078600689284	1
