celltype	geneid	snpid	m.estimate	m.FDR	f.estimate	f.FDR
B_intermediate	BICD2	9:95561287_C	0.27879627470466	5.21520884096174e-05	0.110417322024454	0.890358746899221
B_intermediate	KLK1	19:51312730_A	0.273343051905194	0.00139987179960807	0.0174017345105333	1
B_intermediate	TAPBP	6:33009174_T	-0.257099365047261	0.00345409109778469	-0.0593436791317602	1
B_intermediate	LSM6	4:147100475_C	-0.240655035909149	0.0273937431112849	0.0209972329589637	1
B_intermediate	PPM1K	4:89209681_T	0.236230630339925	0.0345697153242704	0.105341680319181	0.964128545368509
B_intermediate	AC104653.1	2:114971913_G	-0.245491106571623	0.0138188585482577	-0.0674762092254636	0.958931741644009
B_intermediate	AKNA	9:118097783_G	0.237212365605606	0.044910717063416	-0.0548387498584621	0.973456240818578
B_intermediate	ELP5	17:7092704_A	-0.247974055199055	0.0257098873338261	-0.120786657457118	0.919087622925154
B_intermediate	AC023490.1	22:21377334_T	0.229806383227838	0.048609417161253	-0.0342958682167958	1
B_intermediate	KBTBD3	11:106525406_A	-0.242897422366213	0.0366142173369345	-0.0077354595939539	1
B_intermediate	ZNF317	19:10109179_G	-0.24677361881262	0.0321215856533155	0.00727867774306953	1
B_intermediate	CENPB	20:3399746_C	-0.233052770143381	0.0281197398181721	0.0552637099427674	0.984591232922707
B_intermediate	MRPL32	7:42944146_G	-0.231791852051786	0.0344523550028555	-0.0843412420132653	0.978212818632189
B_intermediate	VIPR1	3:42493287_A	0.233060068450571	0.0484624993810025	-0.031443887367752	1
B_intermediate	CEP19	3:196674879_G	-0.231218266387046	0.0484624993810025	0.0478599509330469	1
B_intermediate	SLC25A13	7:96758550_T	0.224650050725707	0.0462233530435728	-0.0490458910412678	1
B_intermediate	BET1	7:93562555_C	-0.222908276641528	0.0464121018366845	0.0354647278808893	1
B_intermediate	CBLL1	7:106392180_C	0.223299208767027	0.0462233530435728	0.0414972371927397	1
B_memory	ACP5	19:11683849_A	0.303191623356257	0.00015244942957022	0.0581281450574951	1
B_memory	TCEA3	1:24662506_T	0.266449952206734	0.0247755107436102	-0.0542325461643196	0.976947038501316
B_memory	ZNF75A	16:4310468_G	0.258467379137048	0.00764113391136404	-0.0469371960828707	1
B_memory	PDPK1	16:3018953_G	-0.257939229208407	0.00832013563159698	0.0113893009565429	1
B_memory	MICU3	8:16724427_C	0.247863890842225	0.0140515287500075	0.0208454120272665	1
B_memory	ZHX2	8:123536456_A	-0.246526381639175	0.0145599373098394	0.0116027740036713	1
B_memory	MTSS1	8:125133870_T	0.244502535205776	0.0146394640395857	-0.046119145967557	1
B_memory	EIF3E	8:110194765_A	-0.241742709338424	0.0146394640395857	0.0535571272762731	1
B_memory	SYBU	8:109629394_A	0.236505095407547	0.0146394640395857	-0.0292208660604936	1
B_memory	TCF4	18:52855278_A	-0.247702122796858	0.030636029128439	0.00938901432863546	1
B_memory	SEC24A	5:134991907_G	-0.24141795735888	0.0315668202295787	-0.0246104072714765	1
B_memory	PHRF1	11:270346_C	-0.241911215213251	0.0192007325374672	-0.00294406298425834	1
B_memory	RHOG	11:4401360_G	-0.240097453916353	0.0196146337341542	-0.0710610824639703	0.95502689637052
B_memory	ERICH1	8:461733_C	-0.224693586994647	0.0146394640395857	-0.00259364902760232	1
B_memory	INTS9	8:28001221_G	-0.223607599305179	0.016018013902984	0.0397849135539883	1
B_memory	MAP3K3	17:61559625_G	0.244309777243286	0.0284087033710249	-0.000354081497027689	1
B_memory	RRP1	21:44225234_G	0.230065145460016	0.0232524880379936	0.0548591997033793	1
B_memory	RNF7	3:141918938_C	-0.234371966672904	0.0435009240893602	0.00595017936263797	1
B_naive	MRPL53	2:74606787_C	-0.299193172440535	3.25162396897358e-05	-0.0117947447758527	1
B_naive	SMIM7	19:17114682_T	0.287197211432148	8.9105158704399e-05	-0.0312664577033203	1
B_naive	THEMIS	6:129197466_T	-0.255928859257261	0.0052669007458027	-0.0426674498788927	0.982269963898099
B_naive	RNF149	2:101640637_C	0.249182339483378	0.00460503589760033	0.0191574820647201	1
B_naive	STRN4	19:47281255_A	-0.256617477081596	0.00921861919049677	0.011379795815855	1
B_naive	ATP6V1G1	9:116668681_A	-0.241836849122018	0.0187492709446544	5.18272517044744e-05	1
B_naive	ATF2	2:175582395_C	-0.24260763943364	0.00837077754190752	-0.0153762357872318	1
B_naive	FNBP1	9:132769330_C	0.239978311156064	0.0273137338538966	-0.0346225166712665	1
B_naive	PDLIM5	4:94415514_G	0.235159844980599	0.0201333304982621	-0.0975868805500704	0.924481864223669
B_naive	CD1D	1:158784017_C	-0.243808757877429	0.0143378369247173	-0.0613237301871913	0.98497555981242
B_naive	NAA50	3:112929363_T	0.240423173038483	0.0175179505893873	-0.0442167060767008	0.985882492174375
B_naive	SP3	2:174477276_G	-0.236862713323469	0.0152506977259053	0.0331421091258813	1
B_naive	BRAT1	7:3135249_A	-0.241510205693689	0.00863514694965425	0.034641609207545	0.974236862218405
B_naive	DUSP1	5:172138212_G	-0.245664846899939	0.0390597164723355	-0.0858086424757535	0.97808754680107
B_naive	VAMP5	2:85767735_T	-0.233892011580996	0.0285142023645269	-0.0312090557410158	1
B_naive	SNAP47	1:226953246_G	0.238904734348676	0.0153006138903188	-0.00861363732367024	1
B_naive	MROH1	8:144218757_T	0.233322044905935	0.0247576708775966	0.0140391517677796	1
B_naive	RPS27A	2:54779225_G	-0.23243564861812	0.0373525200996212	-0.0302130429099432	1
B_naive	DPY30	2:32863945_C	0.231838608534954	0.040831558784793	0.0643708053762298	1
B_naive	MFSD10	4:2513620_A	-0.22651057199023	0.0421610260167733	-0.0319205708748073	1
B_naive	GALNT3	2:166618824_A	0.230982823915005	0.0451171953715357	-0.0042835938576353	1
B_naive	PHACTR1	6:13278928_A	-0.233751987916267	0.0310602951046488	-0.114604158063684	0.953679256275186
B_naive	INO80D	2:207545340_A	0.230169736144523	0.0479858430864222	0.0153029419366374	1
B_naive	MB21D1	6:73558106_T	0.230924498841335	0.0346511447599525	-0.0102119751621979	0.996122322709745
B_naive	SMIM12	1:35229553_T	0.232020503112471	0.0304069348738969	-0.0131864550286567	1
B_naive	TM7SF3	12:26318442_A	-0.235346783027574	0.0448622871441475	-0.0812284735792403	0.980951684376447
B_naive	WDSUB1	2:160783524_G	-0.226833146179035	0.0495701047996188	0.0665899872318076	1
B_naive	FARS2	6:6183661_T	0.228218759826529	0.0368270379842557	0.0205040765053318	0.992343452968945
B_naive	SF3A3	1:38416130_C	0.229535213750683	0.0440737146120822	-0.0287168559010416	1
B_naive	ASAH1	8:17929698_T	-0.22506709348308	0.0458091352214396	-0.0796171254391265	0.961601246372052
B_naive	GID8	20:61681854_G	0.226830648669372	0.0424739107293193	0.0444446159168231	0.98286338600928
B_naive	EML4	2:42474615_C	-0.224818468284554	0.0495701047996188	-0.0199558469270669	1
B_naive	REV3L	6:111620013_A	0.227091057022171	0.0378953510873218	0.100030259684005	0.953679256275186
B_naive	SUPT7L	2:28790553_C	-0.223594920507337	0.0495701047996188	-0.00347062032388956	1
B_naive	BAG4	8:38955067_T	-0.223475673198163	0.046466359017903	0.070678839927133	0.968757964860038
B_naive	SLC35G5	8:11455262_A	-0.222496495760808	0.047036381624641	-0.0600753998689439	0.973180551134211
B_naive	CLN8	8:1941257_C	0.222175935152347	0.0472938471448411	0.0176032815547548	1
B_naive	MOCS3	20:49928420_G	-0.223239193866632	0.0490500869563439	0.0981250488708626	0.95683434901018
B_naive	PRKRIP1	7:101173010_A	0.221370123567476	0.0372810307098116	0.031861304033567	0.97856490974086
CD14_Mono	POLR1D	13:28160451_A	0.324288679415186	6.81978704321606e-05	0.0722384351914398	1
CD14_Mono	COL9A3	20:61465035_G	0.275298197153687	0.000534537756773631	0.0654468865113466	1
CD14_Mono	SIDT2	11:117081500_C	-0.274322299119657	0.00107026989131083	-0.111507404044004	0.969917096242985
CD14_Mono	KTN1	14:56153307_T	-0.273224048896536	0.00196876925441919	-0.143404749724325	1
CD14_Mono	CTSS	1:150636991_A	-0.259734009700487	0.00447285622583706	-0.097794045780724	0.934679103458897
CD14_Mono	ELP2	18:33767749_A	0.272971973116175	0.00661069285672346	0.0137719825152465	1
CD14_Mono	GPATCH4	1:156873727_A	0.248060474336523	0.0114513121586167	-0.033476768929654	1
CD14_Mono	MS4A1	11:60097360_G	-0.251674693650495	0.00659167326690985	0.0310180165793538	1
CD14_Mono	COL6A2	21:46787021_A	-0.249465809849408	0.00393473194606583	-0.0219627438282424	1
CD14_Mono	CD300LF	17:72667520_T	0.256541525461841	0.00701405096999824	0.0353445583490359	1
CD14_Mono	ADSS	1:244240448_T	-0.243790920514844	0.013819743900914	0.0214994755648691	1
CD14_Mono	SIRPB2	20:1463270_C	-0.247911126035704	0.0392909945658717	-0.0205865833388083	1
CD14_Mono	TMEM135	11:86068758_C	-0.246066853818791	0.00729448271551732	-0.0727027259759879	1
CD14_Mono	ORAI2	7:101095919_C	0.23921261165543	0.0206872151576526	-0.059867520065331	1
CD14_Mono	AASDH	4:56785471_G	-0.255312724032654	0.0128611323030181	0.0105802913242953	1
CD14_Mono	ARL16	17:79604185_G	-0.249870479204077	0.0173547457917997	-0.138437519206729	1
CD14_Mono	ROCK1	18:19015831_T	-0.242975386961912	0.00661069285672346	0.0377642703475242	1
CD14_Mono	MSRB1	16:1306377_A	-0.242268435278009	0.0426933137258581	-0.027429391758101	1
CD14_Mono	OSBPL8	12:76966039_A	0.235832525816767	0.0327583283484768	0.0232860565390484	1
CD14_Mono	POLM	7:44140670_C	-0.231457485948951	0.0351361720379982	-0.0645880037760069	1
CD14_Mono	HCAR2	12:123139553_G	0.233991335572528	0.0348272133336289	0.0372343695734301	1
CD14_Mono	GANAB	11:62368557_C	-0.234697253428228	0.043249334092005	0.0318277225869928	1
CD14_Mono	SURF1	9:136268084_G	0.242021039157569	0.038691440240194	0.107585324122215	0.923565439167095
CD14_Mono	GTF2B	1:89936183_A	0.230720404690306	0.0344075242347572	-0.087416715726591	0.973356339353507
CD14_Mono	CLIC4	1:24941140_C	0.230653668429406	0.0346982763553208	-0.0229443404101823	1
CD14_Mono	FIS1	7:100863945_G	-0.22847921410733	0.0451209511214461	-0.0747186967586598	1
CD14_Mono	KCTD7	7:65983615_T	0.228628478758379	0.0444873913817773	-0.02592446263988	1
CD14_Mono	RPL14	3:40493218_T	0.244687407048349	0.0190959408634052	0.124503037298693	1
CD14_Mono	ZNF282	7:148758841_C	0.228016637628183	0.0471796501520925	-0.0290433555127926	1
CD14_Mono	SRD5A3	4:56498973_T	0.242278140248765	0.0201407043581488	0.0693941884930292	0.954848237586625
CD14_Mono	FAM45A	10:120877710_T	0.248943441836688	0.0482091686087098	0.123351455852778	0.966191021696009
CD14_Mono	LINC00969	3:195457853_T	0.239896330685454	0.0216266426647708	0.0536307705980505	1
CD14_Mono	AC074289.1	2:64367031_T	-0.242079390986247	0.0332630695367919	-0.00960240326755804	1
CD14_Mono	CENPC	4:68173477_C	-0.232341710922558	0.0238469193910512	-0.0446888452157794	0.979007196134444
CD14_Mono	FAM53B	10:126206710_T	0.233868522213127	0.0491385796194224	0.0536076935643885	0.998839186654248
CD16_Mono	ICAM3	19:10448020_G	-0.332538727003295	3.87492204750778e-05	-0.129657414970876	0.989208612367761
CD16_Mono	BTN3A2	6:26704816_C	0.320831267381792	0.000100559323179424	0.0585555241178676	0.967920685925387
CD16_Mono	MROH6	8:144678874_T	0.301548715516002	7.31528326677378e-05	0.103297241004241	0.939187024110579
CD16_Mono	KRT7	12:52611900_C	-0.27939320573434	0.0161269164152077	-0.041962433365081	1
CD16_Mono	HSPBAP1	3:122507436_A	-0.301725515338455	0.000583906814019008	-0.124977170160378	1
CD16_Mono	PDXK	21:44914581_T	-0.266547566125789	0.00355567900077765	-0.0652727187922036	1
CD16_Mono	C1orf86	1:2076055_A	0.273059190010086	0.0058556171951188	-0.0293509419326586	0.993208330199045
CD16_Mono	FMNL1	17:43160704_T	0.271073007979613	0.00751028094409554	-0.0440530402479262	0.996770383401569
CD16_Mono	DNASE2	19:12971383_G	0.266496119273759	0.0160633445304701	0.0840449548297241	1
CD16_Mono	IMMP2L	7:110485505_G	0.263656105570705	0.0129520377557777	0.0597898018738786	1
CD16_Mono	EZH2	7:149158607_C	0.263551360830079	0.0129520377557777	0.0193655091994295	1
CD16_Mono	NSMF	9:140320617_T	-0.268160928215645	0.0187686086369276	-0.0465171487531843	1
CD16_Mono	TTYH2	17:72937851_A	0.265764728141339	0.0150712157739468	0.0788204427638891	0.954525063740563
CD16_Mono	AIF1	6:32006858_A	-0.264287610773057	0.0140775603831489	0.0878439392769581	0.917644014909833
CD16_Mono	TMEM50B	21:33811629_G	0.250749665052247	0.013505418757034	-0.00636981046100397	1
CD16_Mono	ZNF628	19:56077272_A	-0.259508896970929	0.0240475467738436	0.0522378529304713	1
CD16_Mono	SLC24A4	14:92873862_G	-0.271940781827616	0.0121791333226437	-0.0192127735420181	1
CD16_Mono	HDDC2	6:125585733_C	-0.260106103637483	0.0210572562447481	-0.0629075285718476	0.967613510179598
CD16_Mono	GCLC	6:53462536_T	-0.258965629284445	0.0233422824714103	0.00298816856086926	1
CD16_Mono	SYNJ1	21:34609384_A	-0.244134261798681	0.0245948836829018	0.0211339180620508	1
CD16_Mono	CPNE2	16:57716020_T	0.254999273011305	0.0169124928116818	0.0367450829700613	1
CD16_Mono	FASTK	7:150294062_C	-0.247942192657996	0.0256867916543116	-0.00683909541461693	1
CD16_Mono	RGL4	22:23937519_A	0.243288656748865	0.0457202301912685	0.0603387046705269	1
CD16_Mono	MT1E	16:57080866_A	0.250355430745852	0.0476374883310824	-0.0173817331936007	1
CD16_Mono	C21orf33	21:45400234_T	-0.23701754903871	0.0402336591888672	-0.0366783743375768	1
CD16_Mono	SRI	7:87979860_C	-0.244294763290547	0.0284391071510182	-0.0216834338591349	1
CD16_Mono	IAH1	2:9644304_A	-0.263930929380041	0.0473844140014534	-0.059630302161943	1
CD16_Mono	C21orf2	21:44807175_C	0.233811450265154	0.0495075542188886	0.0189867033918846	1
CD16_Mono	SUPT7L	2:27832285_G	0.257326318318535	0.0487617126054634	0.0102705636402443	1
CD16_Mono	OAT	10:125710237_C	-0.2572769527317	0.0321333781675864	-0.00243175618295499	1
CD16_Mono	SEPHS1	10:13163843_A	0.253012681484785	0.0355538049883971	-0.0212035275344522	1
CD16_Mono	PIK3AP1	10:98450774_T	-0.251041079668192	0.0439593837114027	-0.0331798865030503	1
CD4_CTL	RPS8	1:45186567_A	-0.357639548782169	0.000334451133466616	-0.157464231452328	1
CD4_CTL	SF3A2	19:2997153_C	-0.315047908217153	0.0394461498678562	0.0553879598798357	1
CD4_CTL	PFKL	21:45869359_G	-0.306801838627578	0.0149676948965298	-0.0162447593551083	1
CD4_CTL	ZNF274	19:57758100_T	-0.311640229231683	0.0394461498678562	-0.00993430786926897	1
CD4_CTL	LYAR	4:3805519_T	0.30121899032169	0.0388880734175556	0.0682533947802405	1
CD4_Naive	GTF3A	13:28000282_T	-0.275881246488229	1.46426911811145e-05	-0.0465669867268522	1
CD4_Naive	ITSN1	21:35267038_A	0.257238490495818	0.00046769847173194	-0.0355838548252606	1
CD4_Naive	PMS2	7:6717892_G	0.255682246589149	0.000716849769738543	-0.0144706198337467	1
CD4_Naive	PDCD4	10:112564284_G	0.255247494109142	0.00106760328340996	0.0701345465687927	0.941992457806738
CD4_Naive	LINC00336	6:33604606_T	-0.250657272687107	0.00137000991103494	-0.0362115471645352	0.973656993951233
CD4_Naive	ZFYVE28	4:2413017_C	0.245290380895316	0.00172119579994372	0.0503378391681669	0.983212365838633
CD4_Naive	WDR37	10:1639362_G	0.248769034762636	0.00239429452392904	-0.0275731284892436	1
CD4_Naive	SEPT8	5:132466504_G	0.24607289504194	0.00323843990015634	0.016341534180664	1
CD4_Naive	EEF2	19:4040011_T	-0.248818251350251	0.0025635474583375	-0.0624676122199595	0.96763245345804
CD4_Naive	ZNF793	19:37442078_C	0.248785879416508	0.00257383234694182	0.0792744703576741	0.959326368647773
CD4_Naive	TDP2	6:25609477_A	-0.239918172747263	0.00531112784365288	0.0375915809861556	0.973656993951233
CD4_Naive	PDZD8	10:119020918_G	-0.242382857721724	0.00440535275545874	-0.0558340220475127	0.968943280369281
CD4_Naive	GOLT1B	12:21665207_G	0.242081193363873	0.00295172358207325	0.0541556332303636	0.97446154812124
CD4_Naive	CLSTN3	12:6372381_C	0.240518624554936	0.00358543644360803	0.00947261933496903	0.993867554258224
CD4_Naive	SIK1	21:44834825_A	0.22711665075129	0.00543121907782668	0.00273558173354866	1
CD4_Naive	DNAJC2	7:102828749_G	-0.235886719520869	0.00637323732911389	-0.0567814384283032	0.978430241782973
CD4_Naive	CROCC	1:17305903_A	0.23706761150263	0.00610609910812268	-0.0052799414691204	1
CD4_Naive	MAP3K4	6:160696919_T	0.232867936338623	0.00877378366167046	0.0103275111465162	1
CD4_Naive	NDUFV3	21:44215609_T	0.223559537082697	0.00803718190795956	0.056110470483767	0.977860221946254
CD4_Naive	COG7	16:22875800_T	0.237832848698419	0.00891346141403295	-0.0426269245715607	0.959744212426441
CD4_Naive	EFHD1	2:234227118_A	0.22832796349451	0.007510884074331	-0.0650545499417208	0.951171902627599
CD4_Naive	KBTBD11	8:1484243_A	0.233469335457459	0.00837259450031501	0.0408842546605112	0.994934361198628
CD4_Naive	TMED2	12:124904015_T	0.233304674791198	0.0080746167251845	-0.0470878664407133	0.976227002621942
CD4_Naive	CUBN	10:16001237_A	-0.232692111477584	0.0101718902429593	0.057021142551922	0.968270373349626
CD4_Naive	CPM	12:68955325_T	0.232598780136933	0.00840351855484725	-0.0643941537962387	0.970010475963696
CD4_Naive	HPCAL4	1:40012184_A	0.232177199429786	0.0108704255886813	0.046965194908317	0.986971730912377
CD4_Naive	TSPAN13	7:16323275_T	-0.229789997000668	0.010931001696215	-0.02067911668267	1
CD4_Naive	RPRM	2:154199791_A	-0.225976798407748	0.00960381829073533	0.0307962614126184	0.99491616728213
CD4_Naive	AC093375.1	2:156885363_C	-0.22568885290614	0.00989508407862881	0.00901239870075914	1
CD4_Naive	ABHD6	3:58089516_G	0.232878023153431	0.0384478367278459	0.0523382801994938	0.983615891790779
CD4_Naive	HLCS	21:38935792_C	0.218616407218835	0.0119169420579754	-0.000798924186516538	1
CD4_Naive	LINC00863	10:89327658_G	0.229962747021951	0.0155041467345527	0.0243745797815039	1
CD4_Naive	QDPR	4:17531084_G	-0.223740931856255	0.00846170612889223	-0.0486981757511015	0.988276934742603
CD4_Naive	ZNF720	16:31707428_T	-0.232199337680734	0.0125869545776325	-0.00739524825255793	1
CD4_Naive	TRANK1	3:37748488_G	0.230634531501003	0.0387304883580948	0.0750487872331608	0.956530120782355
CD4_Naive	TFB1M	6:156161894_G	0.225462107916075	0.017539695789721	-0.0388368896475366	0.973656993951233
CD4_Naive	ARL4A	7:12328477_T	0.225995408882074	0.0141823620087536	-0.0493948242915489	0.983867538324646
CD4_Naive	C12orf39	12:20973885_G	-0.227339409404288	0.0111341500810219	0.0401863200903222	0.981796490986326
CD4_Naive	CDKN2AIP	4:184546318_T	0.220925703611344	0.0116277100632465	0.0196609646481326	1
CD4_Naive	AC079922.3	2:113944850_A	-0.22120921142165	0.0149183098163582	0.0126528166176055	1
CD4_Naive	CDKL3	5:134632674_A	0.223650319606307	0.0132602724583179	0.0162149657484472	1
CD4_Naive	STIL	1:47259357_T	-0.226608213698148	0.0165681692841088	-0.0337346623846452	1
CD4_Naive	GPR35	2:241709924_T	-0.22047181471942	0.0157832570024541	0.0299428391413816	0.99491616728213
CD4_Naive	PAPD4	5:79205301_G	-0.222912133129348	0.0140742960806042	0.0374999249657468	0.980946228058745
CD4_Naive	MTRNR2L8	11:11461388_G	-0.224457526469231	0.0148648926765621	0.00347399361651512	1
CD4_Naive	HCG27	6:31156130_T	0.222983459040068	0.0179859889512697	0.0469013931693131	0.973653748727423
CD4_Naive	ABHD10	3:111669065_C	0.227443500002914	0.0387304883580948	0.0637187166514015	0.964053316141378
CD4_Naive	ZNF443	19:13112268_T	-0.230500012152622	0.0140259971857004	-0.00266497285056101	1
CD4_Naive	SYNCRIP	6:87212797_T	0.222393167227536	0.0179859889512697	-0.0308301207651244	0.974766854532409
CD4_Naive	SH3PXD2A	10:105639514_G	-0.225044085301634	0.0245659927373231	-0.0333438307163994	0.996415035512215
CD4_Naive	ANKRD10	13:111595552_T	-0.22666610727734	0.0243026508534509	-0.0485694730264321	1
CD4_Naive	CHMP4B	20:32435497_T	-0.22542736984759	0.0200114938750253	-0.0366455111723669	1
CD4_Naive	AUTS2	7:70092296_C	-0.221568795992057	0.0201508894973724	0.0552735820519966	0.981839484596424
CD4_Naive	AC079807.2	2:47910338_C	0.217473017824829	0.0194231015461273	0.00717938670794427	1
CD4_Naive	LRRC58	3:120842688_G	-0.225464399344595	0.0387304883580948	0.0572168531899469	0.974634353561404
CD4_Naive	GGACT	13:101710023_T	0.225210785699388	0.0262834087858511	-0.0510957492667543	1
CD4_Naive	TRIO	5:13810529_G	-0.219621538149788	0.0177895857886759	0.00428679182869765	1
CD4_Naive	GCFC2	2:75397907_T	-0.216662614465814	0.0204533446233106	0.029715609797313	0.99491616728213
CD4_Naive	NARS2	11:79011153_G	0.220962632754024	0.0184777487198979	0.0781540087657593	0.952417959923416
CD4_Naive	LIG4	13:108913356_T	-0.224551975486953	0.0273101565256741	-0.00144171436776769	1
CD4_Naive	SNHG9	16:1716010_C	0.225161779616824	0.024066055806106	0.00701301143141377	1
CD4_Naive	ARPC3	12:110238481_A	0.221549993469012	0.0190956305539199	0.0147227378221514	0.99317978798441
CD4_Naive	TES	7:116246824_G	-0.219760639756383	0.0238393867771058	0.0149180105683112	1
CD4_Naive	DRG1	22:32079303_C	0.220435761393273	0.0243205016809545	-0.00422692474247865	1
CD4_Naive	LGALS2	22:37379546_T	-0.220207896504233	0.0243205016809545	0.002947997530358	1
CD4_Naive	POLG	15:89869666_A	0.227731769169319	0.0132430391364824	-0.0787078457260167	0.944724912588062
CD4_Naive	ICAM2	17:62120050_A	-0.225961136775441	0.0147902293483936	-0.016542794287916	0.994875448354673
CD4_Naive	BHLHE40	3:5158148_G	0.223447803667057	0.0387304883580948	-0.0199127208761625	1
CD4_Naive	SPATA13	13:24830330_T	-0.223303224103833	0.0295325202212945	-0.0471118576181911	1
CD4_Naive	C17orf67	17:54740547_A	0.22282238535567	0.0147902293483936	0.0131292966312826	0.994875448354673
CD4_Naive	NT5C	17:72661870_A	0.221546224908118	0.0147902293483936	0.00843788467575708	0.994875448354673
CD4_Naive	TXNDC17	17:7231236_C	-0.223291583422755	0.0147902293483936	-0.0103495580776252	0.994875448354673
CD4_Naive	DCTN1	2:73643627_G	-0.214695109927852	0.0230733823020985	-0.0482313560257549	0.976338613483913
CD4_Naive	CD81	11:2840424_T	0.218651820065623	0.022878795684929	-0.00232101149500585	1
CD4_Naive	YPEL5	2:29811081_C	0.214281769113874	0.0236498239807589	0.0367459284184471	0.992943847089262
CD4_Naive	FADD	11:70541707_T	0.218474695049054	0.0233016858062495	-0.0420534565005114	1
CD4_Naive	ACTA2	10:90781976_A	-0.220644893604736	0.0305114812314825	-0.0530617074071859	0.972393209304517
CD4_Naive	TOMM5	9:37071066_A	0.223745494707839	0.0159219624308912	-0.025341754267671	0.972516110774178
CD4_Naive	LPAR5	12:6142402_A	-0.219667043081364	0.0229444963108722	-0.068013899821939	0.970010475963696
CD4_Naive	NUP43	6:150741436_G	0.217214488319301	0.0187354588067035	0.0186924091346493	0.991903859522687
CD4_Naive	FAM200B	4:15740292_A	-0.213409178577159	0.0273188244713625	0.0156048409281564	1
CD4_Naive	TMEM214	2:26855435_A	-0.213540484062298	0.0247126229745024	-0.0437843971891416	0.983569797770588
CD4_Naive	AC064834.1	2:197311189_A	-0.213393445616802	0.0249291481999861	-0.0457071378122693	0.97750777089007
CD4_Naive	VPS13A	9:79720735_A	-0.22245340148691	0.0176099080887662	-0.0396181817367058	0.964299825376087
CD4_Naive	PRMT10	4:149562277_C	0.21270176228659	0.0293301772913095	0.0242908642968962	1
CD4_Naive	MAP3K2	2:129031496_C	0.212547387315398	0.0262255677511335	0.020991272133872	1
CD4_Naive	LINC00886	3:156528265_T	-0.220807773018921	0.0387304883580948	-0.0477579520449643	0.992713552242778
CD4_Naive	PLA2G6	22:38611080_G	-0.216973066785268	0.0243205016809545	-0.0722090991906021	0.928688107320851
CD4_Naive	RRM2	2:11151452_T	0.212287860462024	0.0266440884553167	0.00623535607202134	1
CD4_Naive	NUDT9	4:89331050_C	-0.211743099909955	0.0322185525804838	-0.019026713740335	1
CD4_Naive	AC002467.7	7:106555300_G	0.216091972150998	0.0328891659986014	0.0409817827644143	1
CD4_Naive	EIF2B5	3:182998851_A	0.220388040938197	0.0387304883580948	-0.0219453085981642	1
CD4_Naive	KAT6A	8:40837263_T	0.216876436215005	0.0216959437238771	-0.0275539081555558	0.996347562506791
CD4_Naive	AC009403.2	7:156068882_T	-0.215916817545766	0.0333355916103088	-0.0185738560557996	1
CD4_Naive	VPS54	2:64623935_G	-0.211720962088531	0.0276005889177078	-0.0427159777748251	0.987201863133791
CD4_Naive	STK38L	12:27662499_T	0.217460614556051	0.0268775362018942	0.00628411245235399	0.993867554258224
CD4_Naive	TRAPPC11	4:185228640_A	-0.211148760555291	0.0341116689856112	-0.0525598160832714	0.982262689413188
CD4_Naive	CRYZL1	21:34713751_T	0.204876203903809	0.0467331887264081	0.0292154675487152	1
CD4_Naive	DCAF11	14:24526287_C	0.225918023187333	0.025352304338781	0.0580951934380363	0.933680579617808
CD4_Naive	FAM43A	3:194539043_T	0.219605921546172	0.0387304883580948	0.0706865609232101	0.960880561773929
CD4_Naive	COPS7B	2:232559780_T	0.210972081444161	0.0289709258199708	-0.0211944696128246	1
CD4_Naive	NPIPA5	16:15084390_A	-0.22027949555896	0.036654319977783	-0.00144557144367291	1
CD4_Naive	MIOX	22:51186276_C	0.215429915993834	0.0248113954694546	0.0511385363049997	0.978264127379199
CD4_Naive	KIF5A	12:58803912_A	-0.216701640824665	0.0281376943247172	-0.00541203301467329	0.994629898983887
CD4_Naive	GDAP1	8:74966496_C	-0.215733024184868	0.0245468048957973	-0.0235540398907564	0.996347562506791
CD4_Naive	FCHSD1	5:141139469_G	-0.213411247615477	0.0291378385164125	-0.0166376531629757	1
CD4_Naive	TSPAN14	10:83153009_C	-0.217436229112841	0.0361842421191262	-0.0415377195725912	0.989543326788547
CD4_Naive	POMGNT1	1:47666009_A	0.216962905124944	0.0312124837403072	0.0528936839140905	0.986971730912377
CD4_Naive	ATRAID	2:27153318_A	-0.210518406298765	0.0298722500299069	0.0546760705137019	0.973683016333186
CD4_Naive	SIK3	11:117106116_A	-0.214584379041667	0.0345614540849407	-0.0317988731162751	1
CD4_Naive	LINC00884	3:194375128_C	-0.218552174943402	0.0419292022696221	-0.0388439323345098	0.99613726946963
CD4_Naive	ULK3	15:74695585_A	-0.221543128301329	0.0211174320723915	0.0612286252135995	0.964954747621115
CD4_Naive	CITED4	1:41877609_A	0.216302055713426	0.0321763531087391	0.0291733355673425	1
CD4_Naive	ADARB1	21:47485382_G	0.203644088049484	0.049871668457847	0.0464295842365488	0.98458234303527
CD4_Naive	RGL1	1:182684842_C	0.216184558258549	0.0323485965526569	-0.0540276394140579	0.986971730912377
CD4_Naive	PSMD7	16:75292120_A	-0.219041543868725	0.0398660695084358	0.0223669852921983	0.976551120695074
CD4_Naive	TRA2B	3:185177364_A	0.218032407674215	0.0440823309278098	-0.00994116551465309	1
CD4_Naive	SORBS2	4:185893344_T	0.208924689044066	0.0418726194981569	-0.040436485218286	0.993360325227868
CD4_Naive	AC027763.2	17:6898615_G	0.215942653323329	0.0188331374299965	0.0769004939453465	0.955441564611027
CD4_Naive	LINC00422	13:21554393_C	0.217899152771923	0.0453006487803529	0.0356960520399557	1
CD4_Naive	C8orf44	8:68582645_C	0.214115260339524	0.0296931334402388	0.0216433106709205	0.996347562506791
CD4_Naive	SOX12	20:399761_A	0.216852335852228	0.0279457545478508	0.0181687739772265	1
CD4_Naive	APRT	16:89871344_C	0.218407778472977	0.0413928611248844	0.049280752582462	0.959744212426441
CD4_Naive	ADAMTS17	15:101197005_A	0.2206622389987	0.0231637923525784	0.0152521688447578	1
CD4_Naive	TOR1A	9:132629787_C	0.218286858480662	0.0282190429914609	0.0344168908623146	0.972516110774178
CD4_Naive	MSH5	6:31243170_A	-0.211969382001052	0.030984506938556	0.027313110058948	0.981371654469515
CD4_Naive	LMO2	11:34565162_G	-0.213392051522456	0.0379179157540782	0.0278124513266076	1
CD4_Naive	OSBPL3	7:25336483_G	0.213038800943112	0.0399461296889837	-0.0443474447872219	0.995195367028287
CD4_Naive	COQ3	6:99089701_C	-0.211824845754869	0.031513417092569	-0.0189148722260355	0.991471581423482
CD4_Naive	RPRD2	1:150675007_A	0.21511541608717	0.0339629952975654	0.0290170388040095	1
CD4_Naive	GARS	7:31042335_C	0.212885194712254	0.0402349284858395	0.0220174157850935	1
CD4_Naive	C19orf12	19:30214028_T	-0.220396358319043	0.0338707182805013	0.0142126838723189	1
CD4_Naive	LILRB2	19:53790306_A	0.22018662204534	0.0344720215978092	-0.0268633808500217	0.995566934032238
CD4_Naive	CEP89	19:33006811_A	0.220127540128174	0.034644122990947	-0.0775798591432815	0.959326368647773
CD4_Naive	PPP2R1A	19:51717576_T	0.220000609199443	0.0350178927372478	0.0829080940505961	0.959291782427393
CD4_Naive	EIF2AK2	2:37734112_T	-0.208088036033011	0.0358695593087259	0.03161113480693	0.994904061655398
CD4_Naive	ARHGEF40	14:21540863_T	0.222917543707434	0.0265882350679305	0.0660830567404502	0.922848653999409
CD4_Naive	CCR6	6:168389403_G	-0.211061016413131	0.0343073221732829	0.0336978560817286	0.973656993951233
CD4_Naive	TSPYL1	6:115974177_A	-0.211025282330542	0.0344354309820079	-0.0386472168777356	0.973656993951233
CD4_Naive	ECE1	1:21581614_A	0.214259770377743	0.0353663354015159	-0.00339470069333282	1
CD4_Naive	PRR22	19:5813929_A	0.219654502023288	0.0360648944953204	-0.0496823474479978	0.978856188736793
CD4_Naive	TIAM2	6:155598989_T	-0.210809671726702	0.0351977234607861	-0.0506355934228369	0.96571833037611
CD4_Naive	MAGOHB	12:10193295_T	-0.213609806166945	0.0340665184127881	0.0709270073651519	0.970010475963696
CD4_Naive	FBF1	17:74442440_G	0.214177746327321	0.0292332530878507	0.0464838008193016	0.956756120232948
CD4_Naive	C12orf57	12:7119782_A	0.213346672143771	0.0347032338890818	0.0474369573429892	0.976227002621942
CD4_Naive	SKIV2L2	5:54476556_A	-0.210407830976374	0.037052916149315	0.0413263291188892	0.964375418880889
CD4_Naive	SP100	2:231921182_A	-0.20747756536577	0.0376900088927098	-0.0603858255585865	0.955487752511645
CD4_Naive	ADAP1	7:964394_G	-0.211684523395619	0.042167189043879	-0.0414576595773424	1
CD4_Naive	SNRPF	12:96429783_T	0.212979850191146	0.0356420943652313	0.0510874240715068	0.976227002621942
CD4_Naive	TMEM231	16:76328144_C	0.216701516925891	0.0447680507570501	0.00791920472264728	1
CD4_Naive	INTS12	4:107504053_G	0.206819671338326	0.0493554555387965	0.00826471311035258	1
CD4_Naive	ATAT1	6:31021078_G	0.210223297660316	0.0371326781542336	-0.0462237332641508	0.973656993951233
CD4_Naive	PPP1R12A	12:79198140_T	-0.212611399504452	0.036651061179495	0.0466176537040324	0.976227002621942
CD4_Naive	APBA2	15:29881349_C	-0.218532102472584	0.0289018702589843	-0.0265673147689634	1
CD4_Naive	TSLP	5:110464008_C	0.20937487346817	0.0403436642385597	0.0594208253253694	0.947130353285682
CD4_Naive	GDE1	16:19013748_G	0.216170668939962	0.0455329005082683	0.0226874166198282	0.975789834955562
CD4_Naive	YIPF4	2:31866595_T	-0.206499984705073	0.0408473343999507	-0.0615478560492937	0.9523282966309
CD4_Naive	SQSTM1	5:178410839_A	0.209015549545045	0.0415591277596398	-0.0213047475533441	1
CD4_Naive	TMEM63A	1:225561346_C	0.212748326025597	0.0382554160154598	0.0466668487738472	0.986971730912377
CD4_Naive	FBXO25	8:492662_T	-0.211231472198054	0.0406110658735595	0.00567642045858813	1
CD4_Naive	KMT2E	7:103884972_G	-0.210356938758387	0.0435616303260561	-0.0552682255697904	0.981850057274616
CD4_Naive	EXTL2	1:101704532_T	0.212359353709796	0.0390921498238049	-0.0355647934172518	0.999549541903852
CD4_Naive	PCNXL2	1:233429284_C	-0.212280300797713	0.0392666204546533	0.00487715209593085	1
CD4_Naive	GPBP1	5:56429991_A	0.208571943757404	0.0431065843988378	0.0407199031275022	0.966538903021157
CD4_Naive	MAST4	5:66278714_G	0.208557946576226	0.043156221158818	0.033379982196425	0.990474473312306
CD4_Naive	APLP2	11:129635916_G	-0.210433033110772	0.0451879102981035	-0.0121554306790045	1
CD4_Naive	ALKBH1	14:77432293_C	0.220884947523618	0.0280131825445791	-0.0626525783250428	0.927656613193433
CD4_Naive	HSPE1	2:199299078_A	-0.205578504716733	0.0440701991921426	0.00192832970932093	1
CD4_Naive	TMEM9	1:201357489_T	0.21192205035955	0.0400754845201019	0.0505586609047026	0.986971730912377
CD4_Naive	PLIN3	19:4668417_G	-0.217234104745759	0.0443755433035824	0.0701004609291301	0.96763245345804
CD4_Naive	PHLDB1	11:118973990_A	-0.20987536718418	0.0465388272182527	0.0504249266976172	1
CD4_Naive	AP2A1	19:50267988_A	-0.217165842518095	0.0446255798210501	0.0396601040001551	0.99350756548432
CD4_Naive	STRN	2:37255806_T	0.205036458725368	0.0460660985489051	0.0199552822883403	1
CD4_Naive	NCF4	22:37845613_T	0.209195956393511	0.0483045538982189	0.0349819754716122	1
CD4_Naive	ANXA4	2:70947484_C	0.204272313981239	0.0490029766381085	-0.00401912620017422	1
CD4_Naive	F2R	5:75935414_T	0.206999996338385	0.0489505304467746	-0.00107155567096482	1
CD4_Naive	ZUFSP	6:116514792_A	0.207418118218425	0.0426553340285319	0.0146859582217452	0.995644729883948
CD4_Naive	ZDHHC14	6:157819615_C	-0.207404611817694	0.0426753677180866	0.000587176830842511	1
CD4_Naive	MGRN1	16:4678547_G	-0.21401198970766	0.0470487143931379	-0.0445543402115207	0.959744212426441
CD4_Naive	HNRNPL	19:38483882_T	-0.216005521626823	0.0488457696509359	0.0338378086356697	0.99350756548432
CD4_Naive	IFFO2	1:19304585_T	0.210417018877215	0.0437777189934206	0.00529300871430987	1
CD4_Naive	SEC14L1	17:75250568_A	0.210449314495783	0.0408120150261529	0.00141422688902321	0.998366407627814
CD4_Naive	RUNDC1	17:42108366_C	-0.210428194859291	0.0408530280430731	-0.0248993732335063	0.994875448354673
CD4_Naive	SNW1	14:78299644_G	-0.218247346100106	0.0335209226515304	-0.0693485321313539	0.915915383664261
CD4_Naive	TNFRSF25	1:6165419_T	0.210016231669322	0.0448392135281276	-0.0705107517371577	0.967159414120273
CD4_Naive	BBS2	16:57068933_T	-0.213411518012753	0.0471948902915781	-0.0737479855424521	0.920167047178168
CD4_Naive	PAPD5	16:50402569_T	0.213125454610517	0.0472813145630697	0.00804000778429242	1
CD4_Naive	KIAA0754	1:39319038_T	-0.209723435329922	0.0456327760038243	-0.0438195395369434	0.990498461833715
CD4_Naive	PLAGL2	20:31656938_A	0.210313780023281	0.0464006147680072	0.0238572146948398	1
CD4_Naive	YARS	1:34219792_C	0.209415447567156	0.0464831213705594	0.0271850123105587	1
CD4_Naive	LINC01011	6:2971566_T	0.205884150474279	0.0454042884999886	0.010640776593373	1
CD4_Naive	DNAAF2	14:50034032_C	0.217296046738391	0.0367129893868707	0.0369767860952244	0.984443219422479
CD4_Naive	EID1	15:49824220_T	-0.214577110671509	0.039647702430292	-0.0525948101459297	0.99261540223473
CD4_Naive	TLE3	15:70351649_A	0.214409907174163	0.0400234510437307	-0.00887594319371534	1
CD4_Naive	ACSF3	16:89238727_G	-0.212299116559189	0.047700950200755	-0.0137459720378064	1
CD4_Naive	DAB1	1:59518649_T	0.209004423451108	0.0476443711542186	-0.074674232886269	0.967159414120273
CD4_Naive	C6orf120	6:169954272_T	-0.205345982316682	0.0467815600410108	0.0326060669910328	0.973656993951233
CD4_Naive	C1orf115	1:220189792_G	-0.2085848790154	0.0488669406183184	-0.00816610947808218	1
CD4_Naive	MRS2	6:25368745_G	-0.205113677475642	0.0474581192306564	-0.0315074734334649	0.973656993951233
CD4_Naive	LAMTOR2	1:156013676_T	-0.208443899218497	0.04928747050383	0.0236937303106289	1
CD4_Naive	SRPK1	6:35940998_G	-0.204852731879723	0.0482718841156594	-0.054567404049032	0.955328049099537
CD4_Naive	SNORA76	17:61276533_T	0.208597575204793	0.0461200185985596	-0.0762525166343415	0.956503952177781
CD4_Naive	GGA2	16:23230405_C	0.211488984856226	0.0485077446183699	-0.0299999604758179	0.959744212426441
CD4_Naive	IL4R	16:26895276_T	-0.211411435217323	0.0486119461902006	0.0443566213581561	0.959744212426441
CD4_Naive	RABEP1	17:4991686_A	0.208373185754284	0.0470154165609954	0.0250883294240746	0.994875448354673
CD4_Naive	CCDC71L	7:105425027_G	0.205704535044277	0.0490736752042484	-0.00462471664303352	1
CD4_Naive	BCL2A1	15:80563715_T	0.211743824901853	0.0462305762424292	0.00659008026209271	1
CD4_Naive	WDR73	15:84315689_T	0.210581036606713	0.0497824229611614	-0.01013760565249	1
CD4_TCM	PADI4	1:17711391_A	0.268921667627236	0.000167958627928824	0.0110892965132666	1
CD4_TCM	AC007383.4	2:207039306_T	0.252698934968777	0.000668430457147114	0.0278384582308526	0.999319255075871
CD4_TCM	ASL	7:65718609_C	0.254144612467021	0.00105515544677556	0.0733810822304803	0.950120497418822
CD4_TCM	GPR108	19:6718078_G	-0.261258292106731	0.000703611189291279	-0.0680622605453304	0.972206250437796
CD4_TCM	RNF212	4:1356033_C	-0.254673810379493	0.00148374261911953	-0.0318089542492493	0.989044014235269
CD4_TCM	PCNX	14:71659675_A	-0.255943372314183	0.00158245807281034	-0.0186655825863094	1
CD4_TCM	GAA	17:78076592_C	-0.246695667652416	0.00525876359999751	-0.0471614910404622	0.990409939295218
CD4_TCM	NMB	15:85153184_A	-0.25571198869481	0.00125254838279868	-0.068166943930284	0.970204448097655
CD4_TCM	ANGEL2	1:213385065_C	-0.245689797584154	0.00241233969456569	-0.0641576805258312	0.966077938611783
CD4_TCM	SPAG7	17:4814689_T	0.243126612632374	0.00640833461048332	0.0604341905580489	0.986025014365261
CD4_TCM	ZDHHC7	16:85005716_T	0.245617328578274	0.00249584586693666	0.0745440408170075	0.952752410719595
CD4_TCM	RAB34	17:27119813_G	0.240198230338056	0.00792475908585708	0.0364964481602254	1
CD4_TCM	CTSA	20:44654444_A	-0.242836893228464	0.00589658002517975	0.0167592884213932	1
CD4_TCM	NFKBIL1	6:32411726_A	-0.239710596613854	0.00464694962559749	0.0263783510010018	0.993374457785336
CD4_TCM	BZRAP1	17:56414321_G	-0.239009983706472	0.00876264474959361	0.062969910236624	0.986025014365261
CD4_TCM	YWHAQ	2:9550446_C	0.234479136454574	0.00340813565678689	0.010970566586659	1
CD4_TCM	FNTB	14:65579414_T	-0.24589843897516	0.00425853090714852	-0.0302713205797179	1
CD4_TCM	ARF6	14:50354795_A	-0.245867158063274	0.00426863830135668	-0.0786539631349053	0.935458390697021
CD4_TCM	CCL3	17:34968605_A	0.23844831446821	0.00917018625125684	-0.00552411707095325	1
CD4_TCM	EIF2AK4	15:40211633_G	0.245706078516482	0.00226891233776341	0.0480468195003194	0.976452606792711
CD4_TCM	B3GNTL1	17:81006140_G	-0.236870211283631	0.0102313127920876	0.00890254849165883	1
CD4_TCM	C14orf64	14:98432228_C	-0.242791963526333	0.00551987929922579	-0.0797036025984636	0.935458390697021
CD4_TCM	ING4	12:5787024_C	-0.236708351272124	0.00364596169445976	-0.00365830598135041	1
CD4_TCM	S100B	21:47732580_A	-0.226098618810646	0.00540737024210515	-0.040281717230539	0.997548350343011
CD4_TCM	SEPT7	7:34918085_C	-0.233568975084417	0.0105080568394553	-0.060081025608418	0.977038647757799
CD4_TCM	MPZL2	11:118262706_T	0.234808121080106	0.00567182317599395	0.0464055778290869	0.976656599969853
CD4_TCM	AC138655.1	2:47741889_A	0.22906468968766	0.0051606479804942	0.0515870305644245	0.969626002017623
CD4_TCM	IFIT5	10:91145689_G	-0.2365917337376	0.00530423335802905	-0.0316981492659853	1
CD4_TCM	MEF2D	1:155658341_C	-0.234323177865996	0.00957183500621161	-0.0225829989903044	1
CD4_TCM	C3orf33	3:156488004_T	0.235126956333092	0.00988925632302569	-0.018649267555042	1
CD4_TCM	WRNIP1	6:2869521_G	-0.231011193550015	0.00654252458794576	0.039234808293258	0.974186423190896
CD4_TCM	FOXK1	7:4783511_C	-0.230599143654324	0.015123510521456	-0.000717777901791651	1
CD4_TCM	NSUN6	10:18796133_C	-0.233906852499364	0.0060788317830614	-0.0305447412628704	1
CD4_TCM	PEBP1	12:117952617_G	0.23181684867693	0.00762776775113911	0.0662634943154335	0.945054029614639
CD4_TCM	DAZAP1	19:1415701_A	-0.23830222531964	0.0111173853982782	-0.0398440668049167	0.995405743765023
CD4_TCM	ZNF547	19:58224848_C	-0.237930642110077	0.0118040868832661	0.0222540879486062	1
CD4_TCM	MRS2	6:25136194_T	-0.228924642696876	0.00773497680675591	0.030766997339667	0.979726305341848
CD4_TCM	LARP4B	10:1132215_T	-0.232468011595772	0.00662659978122481	-0.0166007995948647	1
CD4_TCM	MIF4GD	17:72738324_G	0.228313685288614	0.0158616299564183	-0.0099896232698753	1
CD4_TCM	TTC37	5:95144677_A	0.226495311040339	0.0126836161962125	0.0471159130260861	1
CD4_TCM	TOX4	14:21923547_A	0.233640945153133	0.00835934296365129	0.0735950337200537	0.935509534901977
CD4_TCM	CDC16	13:114056004_G	0.227523938494604	0.00775589730464639	-0.0431863369355317	0.981975446022077
CD4_TCM	SLC22A5	5:131564501_T	-0.225611975870889	0.0137547622148828	-0.0719605838806708	0.94824398260076
CD4_TCM	FAIM	3:138154795_A	0.228672300883261	0.014430029662746	0.0539497221643274	0.984853260012692
CD4_TCM	AGMAT	1:15099722_T	0.227532387361592	0.0120696830706256	-0.00473546338181265	1
CD4_TCM	DNAJB11	3:186656019_G	0.228404466808867	0.0147062127216696	-0.00453084226474765	1
CD4_TCM	ZNF550	19:58060538_T	0.233366341263124	0.0165999778915806	-0.00966833579223017	1
CD4_TCM	C11orf73	11:86167136_A	0.225745353934164	0.0163046575139068	0.0426102331695017	1
CD4_TCM	CUL1	7:147694691_G	0.223845005163101	0.0241512332742329	-0.00931153458414309	1
CD4_TCM	MARCH2	19:7737840_T	-0.232839577900114	0.016945407125135	-0.0207415354085343	1
CD4_TCM	SELT	3:150652457_G	-0.227576084044579	0.0156698389781182	0.00505300740718935	1
CD4_TCM	SLC26A1	4:733498_T	-0.226165519074709	0.0136572463065608	0.0110878507432767	1
CD4_TCM	ADNP	20:49580970_C	-0.227347406010379	0.0254607437870083	-0.0172684860807684	1
CD4_TCM	FANCL	2:57715416_C	0.218209192647913	0.0142669120643225	0.0105916255075154	1
CD4_TCM	TECPR1	7:97032533_A	-0.222574535597675	0.0260946396551188	0.0313962981160547	1
CD4_TCM	SNHG12	1:28575671_G	-0.224816191483932	0.015857225618663	-0.00609615272536423	1
CD4_TCM	TBCB	19:36317922_A	-0.231170888864428	0.0185912940434891	0.00962587015415301	1
CD4_TCM	MEN1	11:63711449_G	-0.2235257856287	0.0186891522971333	0.0178150511042817	1
CD4_TCM	CERK	22:47081088_G	-0.219370152514226	0.0157500579794969	-0.0502710709637053	1
CD4_TCM	ZNF174	16:4068396_C	0.225388734541649	0.0184319756976435	-0.0370401238559218	0.992619501510706
CD4_TCM	MXRA7	17:74791146_T	-0.222646101799829	0.026139550089606	-0.0389846163653304	1
CD4_TCM	ARFIP2	11:6397336_C	-0.223000415262549	0.0192047193865851	-0.0731435284055864	0.959127059876855
CD4_TCM	SESN3	11:95943095_T	-0.222929755886691	0.0192740546440902	-0.00340797164509346	1
CD4_TCM	ABHD17A	19:957385_A	-0.230101880321297	0.0201087846242681	0.087682494692773	0.954392731875265
CD4_TCM	LTC4S	5:179250416_G	-0.221415552343268	0.0181270841764361	-0.0200183733754122	1
CD4_TCM	MAX	14:65574482_T	0.228268326931094	0.0123359555528072	0.0445556193312155	0.985064885522902
CD4_TCM	ADM	11:11169193_T	-0.222398109755634	0.0198017117807768	-0.0405832297779905	1
CD4_TCM	XPNPEP1	10:111855439_G	0.223515182028742	0.0173621881701228	0.0392349519461225	0.979172446919741
CD4_TCM	RBBP5	1:205039295_C	0.222856364649552	0.0202287504065016	0.0509856132768094	0.985739287503456
CD4_TCM	CPQ	8:97609891_G	-0.22279122151824	0.0151442982806204	-0.0533305681008912	0.948585489617432
CD4_TCM	MALSU1	7:24346361_G	0.220116409127985	0.0297296942347093	0.0238622184680331	1
CD4_TCM	ATP6V1E2	2:46481797_T	0.215044063498116	0.0210648115188755	-0.0427251917756485	0.989700164962297
CD4_TCM	PWP2	21:45911471_G	0.210796860362853	0.0200054615400067	0.0214601577792633	1
CD4_TCM	AP1G1	16:71783076_G	0.223663729839404	0.020633882848394	-0.0402117643275183	0.992619501510706
CD4_TCM	SH2D4A	8:19838469_T	-0.222408666365785	0.0156818921883812	-0.030783553103469	0.98322426810207
CD4_TCM	SYCE1L	16:77247329_A	-0.223105682978926	0.0215268977775895	-0.0601214079479609	0.976170663206166
CD4_TCM	OGFOD3	17:80315085_G	-0.220713960902001	0.0300750292623901	-0.0269713907302446	1
CD4_TCM	TNRC6A	16:24797870_T	0.222886543640028	0.0219007747792941	0.0683887820811373	0.975999250999651
CD4_TCM	C6orf3	6:111874669_A	0.218654410647007	0.0165414955841746	0.0636767130369334	0.940843102704281
CD4_TCM	AC142528.1	2:4484666_C	-0.214206498111958	0.0229314621415714	0.0459039967299918	0.983131180427404
CD4_TCM	DGCR2	22:18348823_A	0.21667410284224	0.0193209179853435	-0.0115066491467328	1
CD4_TCM	ZEB2	2:144646075_G	-0.213754083116247	0.0238600372481388	0.0125993050704037	1
CD4_TCM	RARS	5:168050195_A	-0.219137093586478	0.0210467572066929	-0.0215955458133014	1
CD4_TCM	ZNF814	19:58305455_G	0.227512990730422	0.0252745649352668	-0.0130729706231169	1
CD4_TCM	TOLLIP	11:1316387_A	-0.219852099846622	0.0229005605958236	-0.0181939431924937	1
CD4_TCM	CA13	8:85389754_T	-0.220505193194449	0.0184073884560569	-0.0250035018209388	0.98582996989469
CD4_TCM	GRK5	10:120980271_T	-0.220824864549113	0.0198218150812263	-0.0551132441859995	0.959595499091026
CD4_TCM	ADCY7	16:49713804_G	-0.221371370880318	0.0247975684655814	0.0122579487794445	0.995949456638438
CD4_TCM	TG	8:134817498_A	-0.220281252638332	0.018706413481262	-0.0472386941771959	0.957975437358177
CD4_TCM	CLEC11A	19:52033158_T	0.226905238233224	0.0268005275664783	-0.0429870968914061	0.995405743765023
CD4_TCM	HMGN1	21:40556595_T	0.208152659107394	0.0250242739315058	0.023577595189658	1
CD4_TCM	SAMSN1	21:15948846_T	0.208262181007309	0.0247586360130629	0.0116745320366395	1
CD4_TCM	ZNF639	3:179199156_G	-0.221178140344987	0.0288819719331185	-0.00364985034809646	1
CD4_TCM	TMEM102	17:6578827_C	0.218688777941722	0.0341560742024789	-0.0305038249531976	1
CD4_TCM	LRFN1	19:40723747_G	0.226433320157775	0.0280637793902332	0.00790170781069918	1
CD4_TCM	GPR35	2:240973478_A	0.212150015575595	0.0267076253074919	0.0257031135087394	0.999319255075871
CD4_TCM	NSD1	5:177646225_T	-0.217233563834212	0.0243383915543293	0.0394301708807901	1
CD4_TCM	THNSL2	2:88453438_G	0.21182129654203	0.0272357918441277	0.0335553101262227	0.999319255075871
CD4_TCM	TRIM68	11:4620861_A	0.218245534081425	0.0258476813547919	0.0631192361152816	0.968467264703033
CD4_TCM	KIAA0513	16:85542328_C	-0.220067044890227	0.0276136683000194	0.0322606677301475	0.992619501510706
CD4_TCM	C20orf112	20:30727236_C	0.220525666871469	0.0254607437870083	0.0409017121940941	0.991095814230463
CD4_TCM	C14orf159	14:92112671_T	-0.223704490037843	0.0163874306549499	0.0321927114075139	1
CD4_TCM	GFPT1	2:69296436_G	0.210935344959442	0.0286442012617331	0.0529083385926259	0.966087992456054
CD4_TCM	MRPL39	21:26841097_T	-0.20619946067812	0.0307798134479741	-0.0285217308774273	0.999660152148014
CD4_TCM	KIF21B	1:201331664_A	-0.218573839252021	0.0290506263701003	-0.0146702357120843	1
CD4_TCM	FAM207A	21:46474658_A	0.20609613646499	0.0311376645844791	0.0355770163810999	0.997548350343011
CD4_TCM	ATP5S	14:50768483_G	-0.223256702824415	0.0167597999276065	-0.0669452832318591	0.964260070678251
CD4_TCM	EBF1	5:158560181_T	-0.215959975547105	0.0267496185653053	0.0299770876122801	1
CD4_TCM	C1orf50	1:43202636_C	-0.2182836721508	0.0293996046649091	-0.0137650571443432	1
CD4_TCM	ENTPD4	8:23256092_T	0.218213475833	0.021195877903783	0.0496601360538672	0.957949779860875
CD4_TCM	EDAR	2:108649093_A	-0.210476423749504	0.0293954097668672	-0.0264670538855107	0.999319255075871
CD4_TCM	TUBGCP4	15:44187869_T	-0.220828286251337	0.0120064673246367	-0.024092741576272	1
CD4_TCM	VTI1A	10:113341262_T	0.218107802156064	0.0219241889106912	-0.00472696909542649	1
CD4_TCM	HDLBP	2:242197095_T	-0.210005623662498	0.030205919859445	-0.0559349460082837	0.953170415656348
CD4_TCM	KLF11	2:10678538_G	0.209967486302691	0.030273947935263	0.0484411026453004	0.976801319605363
CD4_TCM	ZNF737	19:19795560_A	-0.224146830796746	0.0348744975991103	-0.0797949137092511	0.955869250374164
CD4_TCM	SPDYE2	7:101909863_A	0.215058139370618	0.0334579738313753	-0.0222303933138287	1
CD4_TCM	C12orf60	12:15080283_G	-0.216307387616078	0.0307221459746098	-0.0567346043258329	0.963357750215855
CD4_TCM	RHBDD1	2:228464770_C	-0.209633095728876	0.0308882705320993	0.0276765106335296	0.999319255075871
CD4_TCM	RHOT1	17:29914357_A	-0.21611499502808	0.0407383380394971	-0.0218021437447401	1
CD4_TCM	GMFB	14:54448347_A	0.221940094161342	0.0180336613953873	0.0517262080514435	0.974007679108038
CD4_TCM	WWTR1	3:149061733_A	0.218418118535886	0.0387842088395926	-0.0106340398556953	1
CD4_TCM	RPS27A	2:55527108_A	0.209455014512256	0.0312292476241111	0.0540346236035837	0.962034238388099
CD4_TCM	LPAR3	1:85346224_T	0.216960817005083	0.030512069764963	-0.0156610327374853	1
CD4_TCM	RPL39L	3:187429508_G	-0.218268426843576	0.0394066650944281	0.022448449514711	1
CD4_TCM	CAMK4	5:110624200_G	-0.214640486001572	0.0291706752182445	-0.0688592669048572	0.949214492650409
CD4_TCM	LINC00863	10:89369462_A	-0.217204706496626	0.0229272818876144	-0.0614806009276102	0.954808854740219
CD4_TCM	RNF130	5:179484314_T	0.214565292247236	0.0293011732245616	0.0585130840258498	0.966880685876424
CD4_TCM	PUS3	11:126251650_G	-0.215754145031767	0.0316736143255816	0.0460964866709499	0.978558866799704
CD4_TCM	AL136376.1	1:117840378_A	0.216706158924801	0.030647845289772	0.0147488632380432	1
CD4_TCM	KATNB1	16:56985805_T	-0.217814146177915	0.0326779608469029	0.0414369483889066	0.992619501510706
CD4_TCM	AC100830.4	15:65830518_T	0.218887612688974	0.0143648439194754	0.0174998905235474	1
CD4_TCM	HSF2	6:121747139_G	0.21292582528487	0.0266619377709735	0.0121297046444725	1
CD4_TCM	ZNF580	19:56047164_T	0.223152526728278	0.0379432358867242	0.003881446259621	1
CD4_TCM	PIGC	1:172355841_T	0.216334766775017	0.0308084325830381	0.0760860007288467	0.939946224113278
CD4_TCM	PTPRN2	7:157409757_G	0.213995127781572	0.0338330048107851	-0.0125413683138517	1
CD4_TCM	PAPLN	14:73986970_T	0.220640889100981	0.0198181528905291	0.0298956417312905	1
CD4_TCM	PAM16	16:3754911_C	-0.217304510920371	0.0337996929055837	0.0474075930402619	0.992619501510706
CD4_TCM	SUV420H2	19:54982242_G	-0.222943172484543	0.0385744782328166	0.0327858219860658	0.997404282269534
CD4_TCM	NEU1	6:31619652_A	0.212502992640958	0.0274848787098991	0.0127693672239746	1
CD4_TCM	ZNF513	2:26691024_C	-0.208118751935975	0.0341551077032559	-0.0189969789234663	1
CD4_TCM	VAPB	20:56446551_A	-0.217344869869647	0.0267737313208642	-0.0160063990462592	1
CD4_TCM	SLC29A1	6:43719391_T	-0.212295366829825	0.0278884047504012	-0.048178022708604	0.970106732217848
CD4_TCM	FTSJ2	7:3181785_A	0.213348366186824	0.0341103772982515	0.0396552684042744	1
CD4_TCM	C15orf41	15:36921410_T	0.218066042584653	0.0156315300269827	-0.0104095342284558	1
CD4_TCM	NEFH	22:30504111_T	0.210257320124781	0.0268383153520993	0.0745216383492494	0.972052966956129
CD4_TCM	ZAP70	2:98857976_A	0.207504438850911	0.0357659213161973	-0.0278335189815438	0.999319255075871
CD4_TCM	SMC5	9:73474756_A	0.219702683140597	0.0467323921418027	-0.000962086976276955	1
CD4_TCM	ARRDC3	5:90654953_G	0.212919964712677	0.0320192470711862	0.0741804387176381	0.94824398260076
CD4_TCM	TATDN3	1:213253049_T	0.21510852890728	0.0310881656638583	0.071014375941526	0.946990888624724
CD4_TCM	SLC39A1	1:153184789_G	0.215089063797733	0.0310901780857383	0.0126410836621806	1
CD4_TCM	SERPINH1	11:75157597_C	-0.213943626285754	0.0358976988521968	-0.0281628918889067	1
CD4_TCM	PMEPA1	20:55577643_T	-0.216443541104514	0.028604760276216	0.0133328124308649	1
CD4_TCM	WNT9A	1:229077516_G	0.214903156444411	0.0311064530034177	-0.0419178326584724	0.985749034491742
CD4_TCM	KANK1	9:425461_G	0.219248282004521	0.0487772641825925	0.0142834841441582	1
CD4_TCM	THAP1	8:43689929_A	-0.214196796595583	0.0268435876288066	0.0306082785689574	0.98375759618205
CD4_TCM	LITAF	16:11669568_A	-0.215311467302735	0.0378621667484137	-0.0466577320907359	0.992619501510706
CD4_TCM	GOT1	10:102143048_T	0.214096706779708	0.0293227233261972	0.0191812937200748	1
CD4_TCM	FBXO30	6:146993392_G	-0.210367555555655	0.0316396180590825	-0.00105089502831416	1
CD4_TCM	AC003075.4	7:16788013_G	-0.211422600674972	0.0358050874713563	0.0292571864178271	1
CD4_TCM	SRSF7	2:38967397_G	-0.205756838187665	0.0416496237106498	-0.0182005206206457	1
CD4_TCM	SLAIN2	4:47669435_C	0.213618794991718	0.0309401925694462	-0.0393092682800977	0.978180413845529
CD4_TCM	KLF5	13:74643919_C	0.212506714962107	0.0483196701550476	-0.0281594034591088	0.990823715635394
CD4_TCM	MZT2B	2:130089769_G	0.205142918175537	0.0443164066160744	0.0313758542333612	0.999319255075871
CD4_TCM	RASL11A	13:27386031_G	0.212284735764601	0.0486437730085741	-0.0238042296145953	1
CD4_TCM	FBXO21	12:117577358_A	0.21192433763547	0.0458646593950125	0.0397715351961	0.987387310832846
CD4_TCM	WDR25	14:100805827_C	0.217033647959289	0.0297688281493614	0.0780669178722977	0.935458390697021
CD4_TCM	ARMC2	6:109770869_A	0.20917536342129	0.0340043461987654	0.0282446590729024	0.981072747229191
CD4_TCM	MCMBP	10:121827835_T	0.212626353451091	0.0344722975065461	0.0407030909051432	0.975419733186125
CD4_TCM	YPEL5	2:30623391_C	-0.20481460969075	0.0458868539255091	0.0454395526184315	0.984336553167687
CD4_TCM	PACS1	11:65814842_A	0.21172072263358	0.0403539863139055	0.0558035700123043	0.974411916344941
CD4_TCM	RNF139	8:126399416_C	-0.211894107476711	0.0324967291129141	0.0148509576088329	0.98582996989469
CD4_TCM	SLC30A2	1:26053958_T	-0.212515755293822	0.0311501350456693	-0.014773181738967	1
CD4_TCM	C19orf38	19:10446897_A	-0.21938794121636	0.0494283215397219	-0.0151940987474301	1
CD4_TCM	SNRPD3	22:24099601_C	-0.206908872695841	0.0323748597549229	0.0237840530448309	1
CD4_TCM	TBC1D9B	5:178792838_A	0.209424971431683	0.03881405498514	-0.0570736760007612	0.971529796429387
CD4_TCM	C7orf13	7:156229244_T	-0.209177978982004	0.0407791804498216	0.0622761284027048	0.970128769719417
CD4_TCM	BGLAP	1:156215562_A	0.211788135696349	0.0313887681975452	-0.00415958220694332	1
CD4_TCM	NDUFAF2	5:61419729_G	0.209153918356114	0.0395148528365442	0.0543558793777017	0.984854204879174
CD4_TCM	THUMPD1	16:20748331_A	0.212659985853025	0.0423784680063789	0.0416958146015371	0.992619501510706
CD4_TCM	IRF4	6:582311_T	-0.207690370608093	0.0371769241652284	-0.0529890613770441	0.963469581058212
CD4_TCM	ELMSAN1	14:74097390_C	-0.215672276939707	0.0351245149280777	-0.07684496339082	0.935458390697021
CD4_TCM	MTO1	6:74167981_A	-0.207394612974776	0.0378656247867297	-0.0397698271576523	0.97383411920635
CD4_TCM	HNRNPH1	5:179120589_T	0.208716273393692	0.0407267307879712	-0.0449944137550151	1
CD4_TCM	CHRAC1	8:141064730_C	0.210482769140582	0.0376549851547323	0.0130327617200794	0.988885376051346
CD4_TCM	AL031663.2	20:44903445_C	0.21237924289008	0.0421509625879162	0.0699148867942959	0.934559036473039
CD4_TCM	FAM218A	4:165739740_T	-0.211196060634466	0.0327221851253495	0.0300427116125338	0.993852749346691
CD4_TCM	MRTO4	1:19402242_A	0.210791510265524	0.0322003031958194	0.0543142889809971	0.984066314140494
CD4_TCM	SLC25A32	8:103735424_T	0.210293721433072	0.0384734142083547	-0.0105967371159951	0.994941090463814
CD4_TCM	AC068620.1	4:57973734_C	0.211057566830735	0.0328781063300215	0.00468098583260604	1
CD4_TCM	HELQ	4:85166020_T	0.210556284610355	0.0334997168617979	-0.0635098425941469	0.954695149933167
CD4_TCM	MXI1	10:112514626_G	-0.210541653608008	0.042694030588181	0.0276543047493387	1
CD4_TCM	DNAJC5	20:62412100_G	-0.211499009827442	0.0465335151594591	-0.0190723190878795	1
CD4_TCM	FAM229A	1:32076633_T	0.209647077284726	0.0341270844437483	0.0137476329961234	1
CD4_TCM	CMPK1	1:47693220_G	-0.209403854393099	0.0347167937429502	-0.00772737973111367	1
CD4_TCM	SLC2A1	1:42612008_T	0.209381966831953	0.0347733587770946	0.0174284432709506	1
CD4_TCM	LGALS2	22:38397797_C	0.203876385024105	0.0392569840007939	0.0446191616361865	1
CD4_TCM	MKRN1	7:140166936_T	-0.206928590927951	0.0489460276559444	-0.0685813837671781	0.961043253126375
CD4_TCM	KBTBD3	11:106583584_C	0.208587626413725	0.0476741558780859	0.0625182979192986	0.968548901613807
CD4_TCM	SLC25A4	4:185611005_A	-0.209119507405592	0.0358055402987262	0.0246544841806037	0.999658666386206
CD4_TCM	EGFL8	6:31448862_A	-0.20537931183133	0.0434236571300477	0.0489366470016799	0.968611039264856
CD4_TCM	CD55	1:208142203_A	0.208681080578158	0.0368798733353793	-0.00183732396432037	1
CD4_TCM	SLC35A1	6:88101999_T	0.205198558230697	0.0440177202764817	0.0624274525708203	0.943544652545736
CD4_TCM	C22orf29	22:19817365_T	0.203414901964391	0.0406637990395341	0.0669458324076225	1
CD4_TCM	LINC01037	1:187236490_C	-0.208504567826833	0.0374981959396962	-0.0335339863216256	0.991780228143886
CD4_TCM	SNX32	11:65211019_C	-0.20801298820865	0.0494165802248745	-0.0265412222511327	1
CD4_TCM	NEK1	4:169999739_T	-0.208733501234594	0.036564428233144	-0.0641658814788331	0.951558531982097
CD4_TCM	GANC	15:42194889_C	-0.210170562856737	0.0335959515761936	-0.0761909608074238	0.947458814908976
CD4_TCM	TTC13	1:231987149_T	-0.208083034179301	0.0391127469731557	-0.073550668511797	0.939946224113278
CD4_TCM	FAM214A	15:52671308_C	-0.210036240313632	0.0339998295317725	0.0479473104533084	0.976744361685068
CD4_TCM	ZDHHC14	6:157910318_G	0.20469774958922	0.0457537867304157	-0.0442914323748952	0.97383411920635
CD4_TCM	ACTR10	14:58351940_C	-0.212661696262654	0.0460035136907672	-0.0477314791838354	0.976543955902186
CD4_TCM	DENND4A	15:66282660_G	0.209797977339648	0.0347311144578331	-0.0347166203704427	1
CD4_TCM	UQCR10	22:30068631_A	-0.202418898907214	0.0442366071217747	0.0242547778370757	1
CD4_TCM	UPB1	22:25221915_C	-0.202059073767551	0.045749323068363	0.0210319737911867	1
CD4_TCM	TMEM53	1:44498463_C	0.207235433250411	0.042921761657682	-0.0504253823282405	0.985739287503456
CD4_TCM	STRIP1	1:109743622_T	0.207104499816395	0.0435733299274131	-0.0565908482820774	0.97896146213512
CD4_TCM	TLR10	4:38458620_A	0.20746538119515	0.0395179092383463	0.0135842298902428	1
CD4_TCM	LHX4	1:180493304_G	-0.206686691646368	0.0457557649036475	-0.0714333138172158	0.945010276044906
CD4_TCM	DENND2C	1:116012199_T	-0.206233299533625	0.0482845342085671	-0.0246590039117364	1
CD4_TCM	H3F3A	1:226676736_A	-0.206203942942369	0.0484533391494541	-0.0109910883360176	1
CD4_TCM	TLR3	4:187465558_A	0.206595871206905	0.0419991626951636	-0.0385430453810992	0.978180413845529
CD4_TCM	MGA	15:42248298_A	0.207719519228794	0.0421929436716751	-0.0757080851577156	0.949447201118355
CD4_TCM	C15orf57	15:40716408_A	-0.206808432771155	0.0463428741614854	0.0398536699285322	0.998355839342012
CD4_TCM	HPGDS	4:94580118_A	0.205104868117633	0.0472518240530664	-0.012870057937356	1
CD4_TCM	OCIAD2	4:48931306_T	-0.204839770379513	0.0483214726958112	-0.0556429021972192	0.973716533365691
CD4_TEM	NME1	17:49223892_A	0.297558097632263	0.000309546975862518	0.0325429175458312	1
CD4_TEM	THEMIS2	1:28209305_G	-0.289609609824264	0.000141283993822647	-0.106118649309136	0.915951126879547
CD4_TEM	RPL10A	6:35441167_A	0.261969364058942	0.00462051354517802	0.0561473158566091	0.960394938437746
CD4_TEM	HOXB2	17:46645394_A	-0.272590398656676	0.00186542837126493	-0.108348630397386	0.970599506034777
CD4_TEM	PDCD6	5:464814_G	0.253059539318859	0.0101499621541544	-0.0952188966941296	0.971708096804492
CD4_TEM	RBM43	2:152088755_A	0.246745227840686	0.00538879314737364	0.129190292588895	1
CD4_TEM	GSTP1	11:67402113_T	0.255196854218133	0.0215982989335274	0.0859851239721928	0.93361375494712
CD4_TEM	CPNE1	20:34124920_T	-0.256674862132755	0.00716001190624111	-0.109731049011709	0.92621891157037
CD4_TEM	TMEM128	4:4267400_T	-0.236000878099454	0.0142707175938414	0.0449804626910899	0.985002495429886
CD4_TEM	TAF1B	2:10363234_C	0.235110749511644	0.0321168315062415	-0.0158998531795083	1
CD4_TEM	LMTK2	7:97154886_A	0.233147420297728	0.0321146724753282	-0.10624293305785	0.935015006166939
CD4_TEM	GPALPP1	13:44907594_A	0.230786204120055	0.0473004526212006	-0.0523767518376664	1
CD4_TEM	MRPL32	7:42671155_T	0.225847227736687	0.0323125308882523	-0.0503278254628749	1
CD4_TEM	EIF4E3	3:72778545_T	-0.24655397910487	0.0343187314718315	-0.0924844730764916	0.975140462006416
CD8_Naive	KLHL42	12:27965566_T	-0.26517524677972	0.0070459181859379	-0.0499314492502468	1
CD8_Naive	MFSD11	17:75696248_C	-0.265423763727589	0.00163249781566872	0.0525365400022177	0.979003159167368
CD8_Naive	AMICA1	11:118063479_G	0.251257289060612	0.00742912627847475	0.102853548270833	0.917869088423203
CD8_Naive	TBRG4	7:45185794_A	0.25283268069454	0.00344052903353279	0.0430692599341862	0.979503444946461
CD8_Naive	SLC9B2	4:104373585_C	0.243168324916415	0.0328670612909509	0.065620715755113	1
CD8_Naive	PLEC	8:145020477_C	-0.25175321140065	0.00720305616613779	-0.0404127011092147	1
CD8_Naive	MORN3	12:122092823_T	0.255708765691147	0.0184059032492956	0.0373236373712471	1
CD8_Naive	MGRN1	16:5389317_C	-0.252048469377168	0.00680912670795114	-0.016819714879973	0.998071554927698
CD8_Naive	TSPO	22:43557492_A	-0.236836206375429	0.00867796295184947	-0.0786009572406455	0.984870647057635
CD8_Naive	CNOT6L	4:78827035_T	0.237875989840054	0.0436885055851654	0.0546341500546664	1
CD8_Naive	RSPRY1	16:57935442_A	0.247122545566157	0.0086965173423918	-0.0500874025376439	0.990089200462134
CD8_Naive	ZBTB21	21:43641605_A	-0.224176239665511	0.0229892507793595	-0.0560563696045587	1
CD8_Naive	MIS18A	21:33431835_A	-0.223864175297669	0.0229892507793595	0.0894755616575671	0.923568776009802
CD8_Naive	MTUS1	8:17397616_C	0.243038708074112	0.0205493812085494	0.044695533241289	1
CD8_Naive	ZBED5	11:9834403_G	-0.237631358797542	0.0251706111826563	0.0123385248129546	1
CD8_Naive	AC096772.6	2:207744508_C	-0.236494080363218	0.0216155462557963	0.0398033859242333	1
CD8_Naive	CITED4	1:41877609_A	0.245837433845315	0.0115672875214941	-0.00710645073102416	1
CD8_Naive	BRI3	7:97670154_A	0.236558862846517	0.015701374870928	-0.0532631527420882	0.979503444946461
CD8_Naive	ZFP57	6:29944030_T	0.237352306844698	0.0166392709134267	0.0733484771926296	0.946357759105154
CD8_Naive	NR1D2	3:24015140_G	-0.259578688304291	0.00567018292993863	-0.103309520924064	0.943669393414448
CD8_Naive	C6orf132	6:41422830_A	-0.236583823836276	0.0195365366259016	-0.0350049420573843	0.988946904947361
CD8_Naive	SAT2	17:7457352_A	0.242600074941606	0.0368185147004728	0.0388377258092151	0.989029422120771
CD8_Naive	PRKRA	2:179149973_A	-0.230861566439987	0.0272251753060316	0.0597766633415144	1
CD8_Naive	ZNF83	19:53121758_A	-0.250471740259342	0.0178422228955739	-0.0970445495342186	0.948775381031459
CD8_Naive	STRIP1	1:109806442_A	0.238120126534362	0.0119345259796011	-0.0154094782281579	0.992129684130663
CD8_Naive	DDX10	11:108449587_T	0.230614445027652	0.0353848048976858	-0.0470237068093883	1
CD8_Naive	EML4	2:42402044_T	0.227742693728546	0.0322993858479459	0.0747151222465236	0.966141284153256
CD8_Naive	CCDC180	9:99619081_T	-0.229058376573091	0.0316445817889403	0.0352506637845754	0.99153073525152
CD8_Naive	HELB	12:66993321_C	-0.233279926473221	0.0402236638331019	-0.00796105364398825	1
CD8_Naive	ALG2	9:101036178_A	-0.225223399302305	0.0441628387922474	-0.0127545393668438	1
CD8_Naive	RPS16	19:39953289_G	-0.240815512501194	0.0387149726137573	-0.0341922036409377	1
CD8_Naive	RBM18	9:124885254_A	-0.224844608878654	0.046618919416417	0.0365793550389422	0.99153073525152
CD8_TCM	APOL2	22:36621253_T	0.259516808420899	0.0126052988604395	0.0226682691842232	1
CD8_TCM	TTC38	22:45925443_C	0.255845641724996	0.0201190340417813	-0.0107903760820214	1
CD8_TCM	RPS7	2:3630883_G	-0.275860862939396	0.0244408527472549	-0.085379134532008	0.980762230234497
CD8_TCM	MTRF1L	6:152498606_T	-0.257459777783122	0.0156044634784516	0.00362085657371517	1
CD8_TCM	AGER	6:32097891_G	0.25556373161703	0.0194856565166676	-0.000832748013090984	1
CD8_TCM	PSMB8	6:32739174_A	0.254526880393793	0.0217249303752171	-0.00734567316993724	1
CD8_TCM	ANKRD37	4:186781778_T	0.242707428908947	0.0410313592481389	0.0625175633544989	1
CD8_TEM	ECHDC2	1:53535478_A	-0.277477800784076	2.57768744557576e-05	-0.0309259360294454	1
CD8_TEM	TNFRSF14	1:2504363_C	0.275784103383671	2.99618704068081e-05	0.0369181837620946	1
CD8_TEM	MEI1	22:41833116_T	-0.257871989260746	0.000771067590873357	-0.0428197105154876	1
CD8_TEM	IPPK	9:95854695_C	0.254433553775879	0.00177506543517929	-0.0109149130512805	1
CD8_TEM	SETD9	5:55992251_C	0.251655928968659	0.00355363906836492	0.0366919895642423	1
CD8_TEM	NLRP1	17:6348097_G	0.245024690010531	0.00541954941467667	0.030008408705394	1
CD8_TEM	PDLIM5	4:96134022_G	-0.248519481445884	0.00496537574682138	-0.0115506975319556	1
CD8_TEM	RNPEPL1	2:242113054_G	0.24803991567585	0.0026358619973757	-0.0330779477162074	1
CD8_TEM	ASF1A	6:119160491_T	0.244800816226402	0.00358566285054227	0.0310136384129214	0.982847553404932
CD8_TEM	ADCY3	2:25193998_T	-0.244276114347614	0.00347037279360854	0.0493218262648943	0.983491119940785
CD8_TEM	NELFCD	20:57558382_G	0.243647391153374	0.00593874739659413	-0.0178921256581618	0.988580896930977
CD8_TEM	KATNBL1	15:34649211_A	-0.256917038362995	0.00524125758285653	0.0457325620113342	1
CD8_TEM	SLC25A33	1:9556263_C	-0.246441433123964	0.00400693406533518	0.0338613593659146	1
CD8_TEM	ZNF320	19:53463473_T	0.250842788834596	0.00700896141687896	-0.0119466406196014	1
CD8_TEM	RPL9	4:39021117_T	0.241342362129726	0.00744368665920536	-0.0194697379123014	1
CD8_TEM	DDX17	22:38898051_C	-0.235312751253835	0.00666632816099435	-0.0820973713329069	1
CD8_TEM	AC024592.12	19:6534248_T	0.249910050212592	0.00736647412674498	0.0073346750213267	1
CD8_TEM	PPP3CA	4:102551570_T	-0.24035093059967	0.00744368665920536	-0.0433152530985904	1
CD8_TEM	CORO6	17:28590530_C	-0.235842785172638	0.0169725681634512	-0.0359521975075635	0.999942362573912
CD8_TEM	KIAA1551	12:31800914_C	-0.238910887104591	0.00810689092844956	-0.0589301125064984	0.983239088008121
CD8_TEM	CCDC102A	16:57393221_C	-0.237729558469409	0.00484640623632639	0.056527223789775	0.973622476553618
CD8_TEM	GALE	1:24856660_A	0.242812721240463	0.00623105513603403	-0.0321587066733728	1
CD8_TEM	NUGGC	8:28335358_T	-0.241556200819905	0.00745773148793609	-0.0547125825865369	0.957591502246565
CD8_TEM	PRKAG2	7:151138007_C	0.232903928940412	0.00666840627017309	0.0276246602634959	1
CD8_TEM	SP110	2:231008417_G	-0.235987064238238	0.00845880817793964	-0.052134993202672	0.983491119940785
CD8_TEM	AP2S1	19:47346158_T	-0.245739002937165	0.00926549414871826	0.00971126376318153	1
CD8_TEM	LMF1	16:1128406_T	-0.23541227629036	0.00656395144877088	0.058161426762436	0.973622476553618
CD8_TEM	CPVL	7:30211788_T	-0.231923637265742	0.00757984247354599	-0.021395323244039	1
CD8_TEM	YTHDC2	5:111943935_T	-0.236826967965087	0.00759322690343731	-0.0238101782665175	1
CD8_TEM	PWWP2A	5:159564627_C	0.23624077092771	0.00768535247312647	0.0430879991986795	0.999355749405323
CD8_TEM	ZFYVE28	4:2424100_T	0.234610653302595	0.00747278241139179	-0.000544607733893897	1
CD8_TEM	DMKN	19:35969789_T	-0.243081550450831	0.0112846031494618	-0.0743379005696132	0.959462098978094
CD8_TEM	TCF20	22:42201517_G	0.225441201202376	0.0125947814998757	-0.0689605888219712	1
CD8_TEM	CLEC18A	16:70682694_A	0.230249454915493	0.0099497424890014	-0.0137379303826947	1
CD8_TEM	WRB	21:40604429_G	-0.214574075913897	0.0196013247701938	-0.00726591144717403	1
CD8_TEM	LRRC37A3	17:63298186_C	-0.226585011238275	0.0300893287294692	-0.0522406955796422	0.986081407011234
CD8_TEM	EIF3M	11:32599783_A	-0.230246036068234	0.0128719490129561	-0.0411127764624992	0.98947401719182
CD8_TEM	MSRA	8:10155784_G	0.234354147767513	0.012012310149276	0.0649502030030195	0.924676028331441
CD8_TEM	ZBED4	22:50266492_T	0.223713174229668	0.0144931651841945	-0.0815999362948818	1
CD8_TEM	CIR1	2:175915177_T	-0.228583538928212	0.0146696238284137	0.0469430578851776	0.983491119940785
CD8_TEM	MRFAP1L1	4:6385280_T	0.22869291910881	0.0180868659161048	0.0585430195691994	0.981188171593245
CD8_TEM	AMPH	7:38304542_G	0.224457453073981	0.0156715072504416	0.0133964945473466	1
CD8_TEM	RANBP3	19:5512811_T	-0.238469794972551	0.015250654069279	-0.00350102680856785	1
CD8_TEM	KLC2	11:65348725_A	0.22845361337328	0.0137668183836374	-0.0406679653428094	0.990767676904831
CD8_TEM	LINC00936	12:90653684_A	-0.227730807589132	0.0197740438669604	-0.00378273371713875	1
CD8_TEM	C2orf76	2:120029797_G	0.226904961417995	0.0168386114477329	-0.0525399717723375	0.983491119940785
CD8_TEM	MRPL36	5:1826047_C	-0.227554804077825	0.0158154921850532	0.0431773661346741	0.999254056016833
CD8_TEM	REEP5	5:111913689_G	0.227357301263072	0.0163497717808311	0.0199974757126253	1
CD8_TEM	PLEKHA8	7:30233063_C	0.221992105612539	0.0190912127144732	0.0363553058447459	1
CD8_TEM	ATRAID	2:27387429_C	0.225645009532738	0.0188859220110732	-0.0028414598404518	1
CD8_TEM	PAK2	3:195614618_T	-0.229259261263625	0.0202989884681637	0.0125618186216711	0.996564853383779
CD8_TEM	RBFOX3	17:76161123_A	-0.222465117246193	0.0405862590823047	0.0140404749898444	1
CD8_TEM	AC093818.1	2:174227876_G	-0.225189788188162	0.0197145339873707	0.0298824571508814	1
CD8_TEM	KIN	10:8285948_A	-0.234130916822651	0.0147131784210193	-0.0378036252194974	0.990615307966748
CD8_TEM	UTS2	1:7917361_T	0.229645469026643	0.021012027264036	0.0636695888674771	0.971208437487344
CD8_TEM	USP24	1:56133569_G	0.229244372138805	0.0219443418580376	-0.0164730535273673	1
CD8_TEM	B3GALTL	13:32822104_G	-0.229442996707237	0.0244699387603029	0.0210724333441753	1
CD8_TEM	SRP54	14:35416500_A	0.238828346917641	0.041911131978942	0.0471478287716783	1
CD8_TEM	C12orf57	12:6124131_G	0.224779518418794	0.0254059429802	-0.0398190520066844	0.984167603165251
CD8_TEM	ARL4C	2:235616190_G	-0.223224680922185	0.0238087930532503	0.0252880220135464	1
CD8_TEM	THNSL1	10:25952257_T	0.231388567467269	0.0147131784210193	-0.00200694669954554	1
CD8_TEM	PPP1R14C	6:151482414_A	-0.220726780162312	0.0314889754585534	0.0170445256912333	0.993722340315902
CD8_TEM	PHTF1	1:115062410_A	-0.22781309067838	0.0248765673565502	-0.0762697598817361	0.960476765297913
CD8_TEM	QDPR	4:18185077_C	-0.222838285701173	0.0471459653023519	0.0285710904333535	1
CD8_TEM	CYCS	7:24395657_C	-0.218469684201575	0.0267650750624556	-0.044057954503142	0.985965742582015
CD8_TEM	RABL6	9:139700104_C	-0.224805845582946	0.0306341310643761	-0.0660268759469006	0.971548225928094
CD8_TEM	PAXBP1	21:34400146_T	0.206070470793814	0.038071167354191	-0.0159707587044449	1
CD8_TEM	IPO9	1:201214756_G	0.226640708074105	0.0264347774998892	-0.0857232236817111	0.960361116844176
CD8_TEM	VPS13A	9:79590195_G	-0.224155794290292	0.0325203611914077	0.0494779901260401	0.982566335754702
CD8_TEM	STX11	6:144239306_T	0.218784166912921	0.0325930987449148	0.0532671287865447	0.969023157665445
CD8_TEM	PUS10	2:61230647_G	-0.220559297939633	0.0308598242978628	0.00438603928921029	1
CD8_TEM	MROH8	20:35514576_T	0.222150165245504	0.0262367714682169	-0.00359021159035497	1
CD8_TEM	PIGM	1:160669966_A	0.225643790000158	0.0270373727286091	0.0252776035925385	1
CD8_TEM	MICAL2	11:11486993_T	0.220740031859264	0.0248924086709655	0.0226150864938011	1
CD8_TEM	ZNF654	3:87937407_G	-0.224370573996916	0.0279330005431756	-0.0250032404867254	0.996564853383779
CD8_TEM	BLVRB	19:40003152_T	-0.231100705435403	0.0292050439628916	0.00454255870961823	1
CD8_TEM	B4GALT5	20:49113657_A	-0.222038667785759	0.0262367714682169	-0.0020253839123252	1
CD8_TEM	DNAJC28	21:34756733_G	0.204316593383955	0.0449374961006148	0.0371955754238999	0.996121439037779
CD8_TEM	TRAM2	6:52404260_C	-0.217455495528296	0.0340275741071777	0.0168369035764028	0.993722340315902
CD8_TEM	CCDC92	12:124537934_G	-0.220545432151791	0.0330088592035294	-0.0531762411795612	0.984167603165251
CD8_TEM	ZNF281	1:199650225_C	0.224616206308143	0.0271172134911744	0.000960394029616646	1
CD8_TEM	MAP1LC3B2	12:116221567_A	-0.220151765778091	0.0336515854087547	-0.0381417882284942	0.990115178814255
CD8_TEM	LFNG	7:3271998_C	0.215087044519734	0.0375252127082278	0.0185829824545937	1
CD8_TEM	ADRM1	20:61699392_T	0.220008140834017	0.0262367714682169	0.00802998891337757	0.989169387648034
CD8_TEM	DDIT4	10:74022352_G	-0.224957182358591	0.0148711725535709	-0.0534857642454309	0.978087346855864
CD8_TEM	IL6ST	5:55430505_T	0.219709148500235	0.0379164062776796	-0.0164564666387222	1
CD8_TEM	ZDHHC3	3:44033786_A	0.222278059515026	0.0313399169058196	0.0265669827098845	0.996564853383779
CD8_TEM	NF2	22:29809451_T	-0.212397849745294	0.0456260278941574	-0.0542015109603538	1
CD8_TEM	FAM209B	20:54608146_C	-0.21834825721954	0.0262367714682169	0.0278180623596237	0.969083804992368
CD8_TEM	TMEM87B	2:113578203_C	0.217408075922981	0.0429522801678631	0.00771985871087113	1
CD8_TEM	EIF3D	22:36296109_T	-0.211535779090301	0.0492844861387625	0.0151785415321653	1
CD8_TEM	CTSS	1:150807431_T	-0.222595101091898	0.0271172134911744	-0.0814626701267644	0.960476765297913
CD8_TEM	UCP3	11:74379621_C	-0.217336961674445	0.0353413273111224	-0.0167891901270755	1
CD8_TEM	RGL2	6:32381939_C	0.214850247208421	0.0395296078115566	-0.0286825980433365	0.982847553404932
CD8_TEM	ARPC3	12:110383664_T	-0.21807800590729	0.0371723370078894	-0.0736090556723009	0.968225340787193
CD8_TEM	FAM89A	1:231167898_C	-0.222270101079768	0.0271172134911744	-0.0205905019756319	1
CD8_TEM	HIST1H2AE	6:25364784_A	0.214645380397099	0.04017345094074	0.0152212159236505	0.996182327279583
CD8_TEM	DNMBP	10:102492559_G	-0.2229863501213	0.0187579178651564	-0.0354637480513626	0.990615307966748
CD8_TEM	IL1RAP	3:190459629_A	-0.220193652870567	0.0355912201062252	-0.0231452819049822	0.996564853383779
CD8_TEM	MAPKAPK2	1:206862029_G	0.221511972568697	0.0271172134911744	-0.00273211401711258	1
CD8_TEM	STK17A	7:43675674_G	0.212327887666165	0.0470351721296105	-0.0189957537659978	1
CD8_TEM	IFT43	14:76870537_A	0.231222514682564	0.041911131978942	-0.0094727629707587	1
CD8_TEM	PARP15	3:122295798_G	-0.218314825635888	0.0419131673571355	-0.0667454647999055	0.93353572970355
CD8_TEM	RETN	19:7976529_C	-0.225272523156509	0.0337004917046434	0.0286465158751239	0.992926820927351
CD8_TEM	ERBB2IP	5:65730225_A	0.215233041328061	0.0461138780443905	-0.0275003814652365	1
CD8_TEM	AC022154.7	19:49188258_T	-0.224585926741181	0.0343549414205674	-0.0121232270073371	1
CD8_TEM	GBE1	3:82618827_G	0.21742452681027	0.0460067014810061	-0.0070666202667283	0.996564853383779
CD8_TEM	FAM129A	1:184964347_C	-0.217843729039672	0.0293903909449265	-0.00191136516197806	1
CD8_TEM	PYROXD2	10:100043147_T	-0.21912596776713	0.0291764699814729	-0.0364397622510642	0.990615307966748
CD8_TEM	RUFY1	5:178553875_G	0.213518096259654	0.0495246160013782	-0.0411401720056563	1
CD8_TEM	RAE1	20:56896067_G	-0.212722691866093	0.0399726818334703	0.0438045240443863	0.968626084348893
CD8_TEM	C20orf96	20:260521_C	0.211913200743869	0.0417539788682711	0.0744776626604702	0.949135732053244
CD8_TEM	FIZ1	19:56152115_A	-0.221897939001956	0.0421699875690229	0.00493818863848049	1
CD8_TEM	ISG15	1:1879084_T	-0.214900997529766	0.0416180030273992	-0.0811251823415338	0.960476765297913
CD8_TEM	LACTB	15:63309775_C	0.224152898719691	0.0371249812108991	-0.0284124230107378	1
CD8_TEM	ZNF670	1:246912965_A	-0.213703168472623	0.047794562995411	-0.00433136814099524	1
CD8_TEM	SCAPER	15:76437970_G	-0.222389432628196	0.0371254483972454	-0.0440006890909862	1
CD8_TEM	TSHZ2	20:52562501_T	0.209359903759005	0.0460175494309839	0.0486681225894223	0.968626084348893
CD8_TEM	PDZD8	10:119166074_C	0.213919800968529	0.0450382624545393	0.0703672048774418	0.961999713666407
CD8_TEM	ANPEP	15:89615275_T	0.220892110254629	0.037367984520037	0.00333727679311948	1
CD8_TEM	TM9SF4	20:30652377_G	-0.20790383126062	0.0486521726750298	-0.00267785309206272	1
CD8_TEM	SUPV3L1	10:70810107_C	0.213023079795563	0.0471210546255773	0.0700002059530806	0.962353730508215
CD8_TEM	VAPB	20:56459814_T	0.207604356617391	0.0493182192842807	-0.0678465845956744	0.955591152695536
CD8_TEM	NSFL1C	20:1015398_A	0.207331506732067	0.0499766474698365	0.0435556911764092	0.968626084348893
CD8_TEM	ACSL5	10:114111348_C	-0.212271422954787	0.0489447288807208	-0.0646895989653818	0.973749606322811
CD8_TEM	SNRPA1	15:101702048_G	-0.218889652854238	0.0385256995993934	0.0600629961795296	1
CD8_TEM	C15orf40	15:83503075_G	-0.216302216451483	0.0415876797678338	-0.037502313823763	1
CD8_TEM	GDPGP1	15:91383766_C	-0.214597277643557	0.0447045315309461	0.0421211304273012	1
DC	RPPH1	14:20787110_C	-0.344484743993043	0.00017329474324266	-0.0655645794720416	1
DC	DNAJB2	2:221017711_G	-0.299385801608078	0.0017146330235078	-0.00395564751333804	1
DC	NCOR2	12:124005475_T	-0.277123943032154	0.0215132569216981	0.0106030006341328	1
DC	RABL5	7:101901733_C	0.27204011749654	0.0288698632692345	-0.0067668495517684	1
DC	HECTD1	14:31357217_C	-0.273600464093587	0.0240831369946761	0.0593838757965967	1
DC	DCXR	17:80033505_G	0.280376709548254	0.0103209665117581	0.0137152536349416	1
DC	AUTS2	7:68897139_G	0.264564270766848	0.0288698632692345	0.037640028836779	1
DC	AP5S1	20:4228735_T	-0.27459383921967	0.0244559191720292	0.0483637905627302	1
DC	PITPNB	22:27588271_A	-0.240738042503491	0.0356188378263571	0.00203937313274219	1
DC	IFITM2	11:268078_C	-0.277263239603733	0.0296063523273934	-0.0410223237271983	1
dnT	KLF12	13:73952512_C	-0.407560107997982	0.00767866681279516	0.0479119575138652	1
gdT	PNP	14:20691610_T	-0.372578020810803	0.000880192409446891	0.0170207627297142	1
gdT	PRMT2	21:47836653_T	0.358227313712724	0.00448565321837838	0.059361668825701	1
gdT	RAD23B	9:110141810_G	-0.333002331301556	0.0375490103705629	0.0395040422471642	1
MAIT	RREB1	6:6304531_A	-0.295770372830525	0.000166820733067031	-0.0956643508781292	1
MAIT	KLRC1	12:10602077_T	-0.291600181814804	0.00157307585025236	-0.10732348558577	1
MAIT	ATP6V1E1	22:17769065_A	-0.257077913788195	0.0486529000433355	0.0361313976200509	1
MAIT	LDOC1L	22:44554779_G	0.250698068408412	0.0486529000433355	0.0156303998858734	1
MAIT	DHFR	5:79673947_T	0.26650847747607	0.0199967320142481	-0.0390640029132457	1
MAIT	CANX	5:178626372_T	-0.257827812741303	0.0379258643649417	0.0660800566271026	1
MAIT	DAP	5:9793538_G	0.243988479881241	0.0424282859476801	-0.0328086375894178	1
MAIT	SMAD5	5:134844589_T	0.237231711082467	0.0455199772470347	-0.000193430733368459	1
Treg	MAPK9	5:179875809_C	-0.261875901755254	0.00604500333688164	-0.0362072283644909	1
Treg	CFD	19:861593_G	-0.277136434171049	0.000190084996910016	-0.0356142358228282	1
Treg	ANKDD1A	15:65127504_G	0.289500301795844	0.000338620072037285	0.0802195750099018	1
Treg	AMICA1	11:118087040_T	0.261205736976739	0.00320051613929647	0.0685235512592855	0.982334984066988
Treg	GLRX5	14:95361114_A	0.252530506039875	0.0439775658110994	0.038269277306784	1
Treg	AMD1	6:111323288_G	-0.240685620461443	0.0315261977861691	0.00565884316400618	1
Treg	TMEM14C	6:10810204_A	0.240488303959055	0.0318265376271794	-0.0537828634554907	0.956524455629132
Treg	PANK3	5:167017853_A	-0.237806942273642	0.0400487346049362	0.0111890336406261	1
Treg	CLNS1A	11:77564608_T	0.247622232732475	0.00787456751080786	0.028537480532396	0.998226948781354
Treg	CA6	1:8067504_A	-0.251410548846699	0.0218566112650706	-0.0243367784363745	1
Treg	THUMPD1	16:20577365_C	0.247862857558692	0.0132344191875108	0.0758067203155655	1
Treg	MGAT2	14:49629041_C	-0.249136983402949	0.0439775658110994	-0.0492883094210085	1
Treg	ATL2	2:37681395_T	0.234832351520317	0.0471301498728846	0.028867206516894	1
Treg	NOC3L	10:96928688_T	0.238793362659092	0.0271391673125077	-0.00360466109876405	1
Treg	RAB27A	15:55766787_G	-0.249843789378641	0.010445815318723	0.0257367448143311	1
Treg	PPP1R13B	14:104629917_G	-0.246145746076453	0.0439775658110994	0.0167173447159446	1
Treg	CHAF1A	19:5430087_A	0.248548031812832	0.0205916970156277	0.00428295678085677	1
Treg	C1orf122	1:38011997_T	-0.244745389055513	0.0360830402991722	-0.078100995329181	0.966041342683836
Treg	FADD	11:70432072_T	0.238421009014756	0.0257739697888523	-0.0318113731272519	0.998226948781354
Treg	TJP3	19:3120496_G	0.243504322849432	0.0472828228379096	-0.0419138968571462	1
Treg	ADTRP	6:11431114_G	0.227456903099363	0.0414135675628887	-0.0387155575742961	0.971930933215896
Treg	HOTAIRM1	7:26166955_G	-0.226097638885938	0.0337974438394583	0.000636969885880349	1
NK	AMN1	12:32045777_T	0.280842167331734	1.31740490093739e-05	-0.0611080338493343	0.972005221676852
NK	FDFT1	8:11655366_T	0.274012419684306	2.1167978953781e-05	0.0149961428523256	0.996949356223907
NK	GALM	2:39065649_G	0.265614354633654	0.000560533427296854	0.0334664405318356	0.991652220036341
NK	PDCD6IP	3:33869713_C	0.262205975436184	0.000557803794873549	0.0378436958897845	1
NK	BDH2	4:103953389_G	-0.260727000096631	0.000856152336410504	0.0212625115466199	1
NK	HAVCR2	5:156323986_A	0.261835420632484	0.00124455634583143	0.0619733784612118	0.951173558502573
NK	AC003075.4	7:16541958_A	0.252761110667293	0.00106340376749031	0.00418605812132714	1
NK	C12orf43	12:121487632_T	-0.2528319269879	0.00214684310512073	0.0289878808527259	1
NK	ALKBH3	11:44527976_G	-0.249820147738705	0.00182086526952456	-0.0318798943265513	1
NK	UBE2H	7:129525832_A	0.246889280799768	0.00167553936060948	0.0512426687107299	0.962895206647185
NK	GALNT2	1:230300481_T	0.251341249508969	0.0016489737566383	0.0308586095930072	1
NK	HES1	3:194558537_T	-0.246432562450735	0.00340135482659399	0.0680556735231422	0.949461969152838
NK	PRR13	12:53822992_C	-0.246921670163793	0.00316486426990896	-0.0689764875026279	0.958563822758479
NK	CAMLG	5:133906527_T	0.249171585669758	0.00356103141492571	0.0519487568883492	0.963225438339044
NK	DDTL	22:24251766_A	-0.241803022842385	0.00560172866473432	-0.0497753222381485	0.965556350594963
NK	KCNK12	2:47759198_A	0.244203039584234	0.00346745513547251	0.0582646474522864	0.965488806787888
NK	MDH2	7:75423758_C	0.238792857251885	0.00388385019633713	-0.0262246605781133	1
NK	CLUAP1	16:3684253_G	0.243098860962806	0.00873171979921916	0.0452163162487481	1
NK	IL10RB	21:34598385_C	0.229185196155655	0.00448073414592318	0.072113339491054	1
NK	ACYP1	14:75657507_T	0.253330650911919	0.00418917457012416	0.0398957891198255	0.997491224442997
NK	ZNF586	19:58251045_A	-0.246889892396653	0.00778138693719071	-0.046807684175622	0.992693391123143
NK	SCAMP3	1:155777840_A	0.242258666826241	0.00671181501006633	0.0515806835766279	0.989037807968489
NK	NFIA	1:62840786_G	0.241618610231321	0.00701429186156429	-0.0339855452809954	1
NK	KLHL8	4:88805152_T	-0.238242907145197	0.00718657905428939	0.00603163031124641	1
NK	MICB	6:31311755_G	-0.23576863602461	0.00809289003858961	-0.0307260464562165	0.988009125874434
NK	TRPT1	11:64009879_A	0.236969808248539	0.00822503168488473	0.0276641819176463	1
NK	COTL1	16:84577760_A	0.238466406612726	0.00901794030082601	0.00446335353250804	1
NK	GOT1	10:101331248_C	-0.239474599904524	0.00616211377512123	-0.0565220766981068	0.970842322628533
NK	CUX1	7:101740277_T	0.233283779538937	0.00583737963876052	-0.0256450827779731	1
NK	HERC6	4:88477532_C	-0.236759770432525	0.00810223076808979	-0.00758231063677578	1
NK	FBRS	16:29788919_T	0.237684898855203	0.00901794030082601	-0.0144098871801955	1
NK	DAZAP1	19:1354195_G	-0.243138174752484	0.0105380230783093	-0.0879152132033825	0.950720697874279
NK	KIFC1	6:32421227_G	-0.233300600884966	0.0087000786425127	0.0241138371217975	0.988009125874434
NK	ZDHHC5	11:56798233_G	-0.235054382989882	0.0104413506465007	-0.0577057880459348	0.976962678807541
NK	TMCO3	13:114171697_A	-0.238416187096697	0.00411825254897142	-0.0591536327391183	0.973063981002719
NK	AC015987.1	7:135771582_G	-0.229692173055934	0.00820146555921453	-0.0330767409798033	1
NK	RPAP3	12:48213991_T	0.233764882110786	0.00729216379698473	-0.007181746864415	1
NK	NEK8	17:27180784_T	-0.234106005335914	0.0112244808065985	0.0165316313638977	1
NK	CENPU	4:185718727_A	-0.232413474292101	0.011241849009195	-0.0195621624832189	1
NK	DDB2	11:47010491_A	-0.231553689648562	0.0154006315314075	-0.0553292831079966	0.9853967306603
NK	ACP5	19:11358700_C	0.23898705495913	0.0138527920877445	-0.00848303848693272	0.999659472966689
NK	ZDHHC20	13:22808487_C	-0.234663246358599	0.0058880663596361	-0.0434187134494929	0.976866804596008
NK	AC144652.1	7:155072573_T	0.226679185368721	0.012355892701998	-0.022273227753666	1
NK	SLC25A33	1:9428685_G	0.233603235934735	0.00927085804902625	0.0471118358211858	0.992758371022454
NK	CWC25	17:36183891_G	-0.232051569182435	0.013567124326157	0.0518420462507922	0.98342802268718
NK	SLC22A18	11:2923826_G	-0.229778642802645	0.0188388750959206	-0.0214233895042458	1
NK	DDX1	2:16126356_C	-0.229997964697403	0.0114251104163465	0.0499604812007345	0.985560923607409
NK	B3GALNT1	3:160937591_C	-0.229858450434356	0.0124642729048747	0.0106092853672295	1
NK	RUNX1	21:35853176_C	-0.215325249474857	0.0141669832319494	0.0169847509577553	1
NK	C2orf69	2:200739479_A	0.229023822910032	0.0121766747110924	0.0301421919760726	0.991676906007939
NK	RAB11FIP5	2:73371475_C	0.228779562934588	0.0123927135826559	0.0294909140918641	0.991676906007939
NK	FAM129A	1:184776013_A	0.231925657397125	0.00936725235552886	0.0715758132760212	0.957807590929369
NK	RFX3	9:4257365_T	-0.230285854247835	0.0118991205690425	0.0284156610043233	0.981797519610181
NK	HOOK1	1:59515972_C	-0.231560656535748	0.00936725235552886	-0.0171978132202642	1
NK	HNRNPDL	4:84314972_C	-0.228468999333026	0.0135842446451554	0.00807548692390818	1
NK	DCAF4L1	4:42641557_G	0.228344956047122	0.0136490172453996	-0.00736034647594264	1
NK	PRKCQ	10:6503894_A	0.230325261859616	0.0107071478334554	-0.059330106121015	0.970842322628533
NK	GHRL	3:10415314_A	-0.228171854111585	0.0139229727936439	0.000803801597381127	1
NK	ORC3	6:88889746_G	0.224433588600981	0.0150640126745593	0.047890133624572	0.962217834624997
NK	CBFA2T3	16:88325955_A	0.228257433253938	0.0210764404476297	0.0241783779088339	1
NK	BCAP29	7:107664242_T	0.222879796220661	0.0210656905389603	0.025827296131246	1
NK	SPICE1	3:112936246_T	0.226859335745282	0.014826320342117	0.0688030131891056	0.949461969152838
NK	PICK1	22:38066135_G	-0.223203384288614	0.0287084661881011	-0.0499133030966387	0.965556350594963
NK	MYO5A	15:52749729_T	0.235432051206853	0.00699866676400207	0.0073480362548741	1
NK	MIR155HG	21:27001712_T	0.212194208049705	0.0182197077768488	0.00121450778306449	1
NK	TSPAN2	1:115617134_A	-0.229040677088371	0.00936725235552886	-0.03146177209264	1
NK	BLOC1S2	10:102445585_A	-0.228089130672351	0.0118458787929315	0.052078057612516	0.970842322628533
NK	HS3ST1	4:12205140_T	-0.225226102878125	0.0157204822281996	0.0408022865160055	1
NK	MED22	9:136498714_A	-0.226564507032549	0.0149284071470422	0.0495202084902917	0.981797519610181
NK	DPP7	9:140003427_G	-0.226509393897591	0.01498526627566	-0.0683708656107585	0.967994059120557
NK	FKRP	19:47287507_C	-0.23264243160397	0.0220905690573999	-0.0882034359761046	0.949690951220973
NK	PDIA6	2:10918209_T	-0.224614327907444	0.0186591986182002	-0.0246940088626704	1
NK	NLRX1	11:118217854_T	-0.224716384170723	0.0369752990525192	0.0297119193079663	1
NK	AC079767.4	2:208302397_A	0.224502110184368	0.0188705376152094	0.0437881209394384	0.985560923607409
NK	NMT2	10:14309060_G	-0.226647048321159	0.012508929287434	-0.0158012989410178	1
NK	ATAD3A	1:1023310_C	-0.225961438237419	0.00988856350704904	-0.0519650104661151	0.988336162484084
NK	NFAT5	16:69551898_C	0.225160956833298	0.0242217504076152	0.0370350384115837	1
NK	DNAJB4	1:79348506_C	-0.225662710325642	0.0100878472121625	0.0115941629021423	1
NK	IPP	1:46503217_T	0.225603781219549	0.0101289337242468	0.0431498853188739	0.992758371022454
NK	OTUD3	1:20278398_A	0.225591723877059	0.0101374106343626	-0.0445737293897121	0.992758371022454
NK	C1QBP	17:5943259_T	0.224990145697499	0.0323173550394454	0.0619110949714733	0.974794403859253
NK	MEX3B	15:82127158_C	0.23128305478066	0.00893955625839524	-0.0391167792943193	0.980582534621691
NK	CCDC171	9:16901228_T	-0.22395034065834	0.0182377913923254	-0.0490018789086566	0.981797519610181
NK	RNPEPL1	2:240713635_G	0.222410169623868	0.0224556561738278	0.02373788620515	1
NK	HSPA8	11:122706508_G	0.222404473314988	0.046284460254814	-0.058167900167518	0.975024534793844
NK	PMPCA	9:139575879_T	0.223346760852273	0.0192044273732887	-0.0162966393140658	0.998115850779143
NK	TSSC1	2:3276043_C	-0.221846739720253	0.023319748422535	0.0340887621445953	0.991297347333618
NK	COMMD9	11:36769308_A	-0.222121595173846	0.0471259235506973	0.0293388208105157	1
NK	ARFRP1	20:61757865_G	-0.220508129607978	0.0266808274415492	0.0487278792484536	0.990408886860268
NK	NT5C2	10:104597480_C	-0.223825112340057	0.0137897996154372	-0.060931122235127	0.970842322628533
NK	HMGA1P4	9:131796816_T	0.223047219031431	0.0197070758882311	-0.00847720014305597	0.998872763609096
NK	KLLN	10:90412524_C	0.223568087499464	0.0139192460047305	-0.0310783133300939	0.994948784383599
NK	CCDC23	1:42889912_C	0.223422614276206	0.0119893996386086	0.0407483238148916	0.992758371022454
NK	GSTK1	7:143035172_T	0.217758512743659	0.0298316583518669	0.0306204197514112	1
NK	CIAO1	2:97190497_T	-0.221264386435984	0.02421779411521	-0.0620605719765827	0.964059555924758
NK	IFNAR2	21:34379624_A	0.207054147822208	0.0274291241405125	0.0129566929254191	1
NK	MFI2	3:197077503_T	-0.221121893589612	0.0259920550095232	0.00816061939210558	1
NK	BCL7C	16:31637118_C	-0.222758896853248	0.0277052605614967	0.0576467334750763	0.991580879670935
NK	KATNB1	16:57561424_T	-0.222615214658474	0.0279849522928037	-0.0638467941688086	0.966106087049971
NK	ZNF331	19:54982242_G	-0.228996339275978	0.0279385015896503	0.0417086573102237	0.999659472966689
NK	TTC39C	18:20871139_G	-0.230891778691188	0.0142368139919707	0.0553775740865421	0.957125298496374
NK	ANKLE1	19:17516628_A	0.228544079827041	0.028620919067406	-0.00195687755995048	1
NK	PHYH	10:12628501_A	-0.221932911127411	0.0149825040601396	0.0321129276385487	0.994948784383599
NK	METTL21B	12:57258015_T	-0.220338208192599	0.0224709840633998	-0.0678406334868667	0.958563822758479
NK	PHF10	6:170113295_G	0.217518957065281	0.0281942021514666	0.00725290141907906	1
NK	AC108488.4	2:3152594_A	-0.219822490095027	0.0266959795118265	0.0183566509765296	1
NK	UBE2E2	3:24036406_A	-0.219586464500695	0.032025430552814	0.0227104273149914	1
NK	LACTB2	8:71542644_G	0.220809916530848	0.0280088435821593	0.0282490857614839	0.990539803521121
NK	AC010327.2	19:56392344_G	-0.227562105215911	0.0301380191127702	-0.00100145582841372	1
NK	GPR19	12:13386985_A	0.21914563166919	0.0252654498385539	-0.0660294032094627	0.959524275053372
NK	NFKB1	4:103135116_C	-0.218452410241637	0.028445100725272	-0.0255673708051468	1
NK	CLYBL	13:100269477_A	0.221000246676794	0.0420960910473509	0.0497033372426353	0.97565908175841
NK	GPSM3	6:31289825_T	0.215515378662789	0.032175328505365	0.0363086819546465	0.988009125874434
NK	DPY30	2:31666919_C	0.217627820995443	0.0320292709947751	0.0176903820107252	1
NK	NR2C1	12:94991110_G	0.217891753490847	0.0289644685433536	0.0688139157309768	0.958563822758479
NK	CCDC141	2:180308835_A	0.217587162490593	0.0321458120322969	-0.0545355980028468	0.975855177412816
NK	TEPP	16:57129624_T	-0.219252397741815	0.0372836193488704	-0.0449062514663337	1
NK	TAF11	6:34994686_G	-0.215080292504731	0.0330770424981246	0.0235308289807443	0.988009125874434
NK	TNIP1	5:150464901_G	0.220928997992065	0.026552243844552	0.056254217457184	0.961825885846522
NK	IFI44L	1:79439979_A	0.218672572842782	0.0174602363765942	-0.0399891800232782	0.993468130182054
NK	FCER1A	1:159178669_T	0.218569578341775	0.0175996501756087	0.0704644760350458	0.960097002859285
NK	NDUFA10	2:240735972_A	0.21666413710525	0.034912816353529	-0.0458769570717646	0.985560923607409
NK	RHOH	4:40238823_A	-0.216732655024512	0.032648436353129	-0.055272835128958	0.990815621233981
NK	TBC1D14	4:5994739_G	-0.216436131071908	0.0333513306373995	0.0194804317430379	1
NK	ZC3H18	16:88146146_T	0.218062545982105	0.0420126580839173	0.0605783245978464	0.98019941448414
NK	VPS53	17:453534_A	-0.218543158766687	0.047519719228673	-0.00598765859516014	1
NK	DIS3L	15:66772007_T	-0.222908313379391	0.0133733561460837	-0.0559486096799669	0.941457339812852
NK	AC135983.2	15:32947806_C	-0.222032491795102	0.0143461335435048	-0.0167056573613417	1
NK	EFNA1	1:156034015_C	-0.216800911038519	0.0202881714892918	-0.0329860781685006	1
NK	CAD	2:26851251_A	-0.215362858678732	0.0390246993402118	0.0446137080453225	0.985560923607409
NK	RNFT2	12:118018285_G	0.215538214209198	0.0378188451187098	0.00250321937278628	1
NK	CTU2	16:88742585_T	-0.217107022590395	0.0463409586837172	-0.0213884695148573	1
NK	SERPINB1	6:2805887_G	0.212226343156847	0.0399104247426908	0.0450817310648452	0.963920131416969
NK	AC008753.6	19:54854373_T	-0.222890056675701	0.0408269407824427	-0.0157783672596372	0.999659472966689
NK	ZNF224	19:44304640_C	-0.222743542715206	0.0413559732344913	0.015463883048333	0.999659472966689
NK	KMT2E	7:105061779_G	-0.210235659758679	0.0437218742999478	-0.0335000234247592	1
NK	ANKLE2	12:132323344_C	-0.214205863800273	0.0434685674967916	0.0384418499510547	1
NK	CCNG2	4:77985831_C	-0.213970914430711	0.038567747717907	-0.0338404173491731	1
NK	EGFL8	6:31553194_A	0.211372106306021	0.042213142170637	0.00699389348319934	1
NK	NBPF1	1:16815212_T	-0.214671469595371	0.024957454138109	-0.0544446279384289	0.984913614646642
NK	AFAP1	4:7940741_A	0.213753927919284	0.0389844190068225	-0.0173635189721358	1
NK	PIP4K2A	10:22859656_C	-0.214673642614498	0.0334030809552947	-0.06367713304184	0.970842322628533
NK	RLN2	9:4891797_C	-0.214519484252513	0.0358347228791713	-0.0471085929608256	0.981797519610181
NK	TCP10L	21:33854206_C	-0.198892258319239	0.0497911077423709	-0.0122159174691071	1
NK	MR1	1:181117854_G	0.214100598660619	0.0266888354789608	0.022116992641115	1
NK	REXO4	9:135855572_T	-0.214381186715617	0.0363455877285622	0.001308352012127	1
NK	KCNMB1	5:169731617_A	0.217018847750459	0.0391963381259055	-0.055949730455167	0.96219671590463
NK	SPATA6L	9:3629894_C	0.214102058408694	0.0374358734335678	0.0312996363973387	0.981797519610181
NK	RABGAP1L	1:174970505_T	-0.213412358838043	0.0291927983241539	-0.0721577543255301	0.956668714275683
NK	LRP2BP	4:185934003_A	0.212742400876162	0.0409788983764861	0.0060845955543217	1
NK	AZI2	3:28776872_C	0.212959287499544	0.049746472310815	0.0109610980992458	1
NK	CAPZB	1:19007083_C	0.212587481767375	0.032860873684887	-0.0565955775383019	0.983664222920762
NK	ZNF250	8:146174584_T	-0.213114640684047	0.0454101301972796	0.0156312592438674	0.996949356223907
NK	ZNF644	1:90600240_G	-0.212491144461785	0.0333363401789111	0.00946497805469583	1
NK	ZFAND2A	7:1844882_T	0.208163196486925	0.0491955545899793	-0.049483484787859	0.968062223234146
NK	MPV17	2:26861204_G	0.211917125001115	0.0482263249348983	0.00956755098427653	1
NK	PODN	1:53126155_T	-0.212108079964046	0.0353204428586642	-0.00271024695941589	1
NK	NDC1	1:54715921_G	0.212089782608173	0.0354188482233369	-0.0124038228533377	1
NK	CD2	1:118106076_T	0.212052590070078	0.0356198629972088	0.0162117716432794	1
NK	TRIM39	6:30350482_T	0.208907379829412	0.0488828382785739	-0.0223634984102625	0.988009125874434
NK	PIWIL2	8:22561447_T	0.212332842135085	0.049180958977469	0.0280740387648797	0.990539803521121
NK	HADHB	2:26524639_T	-0.211105305876851	0.0499413199413559	-0.0485544852030577	0.985560923607409
NK	PSMD4	1:151808864_G	0.211035587763667	0.0415643051040752	-0.0081042073519111	1
NK	ZNF684	1:41071978_C	-0.210664108033838	0.0438896336243649	0.00465322425701665	1
NK	H2AFY2	10:71056932_T	-0.210815437127982	0.0498707307761043	0.0380138067927135	0.994948784383599
NK	FRMD6	14:52764605_G	0.222525819673175	0.0323171493324858	-0.0216137652869746	1
NK	GOLGA5	14:93350435_T	-0.220898051761088	0.0335969323987195	-0.0604935157644759	0.987064094143547
NK	NRDE2	14:89813903_A	-0.219818351023623	0.0349529284148297	-0.0808142922876363	0.973454047963428
NK	LGALS3	14:55819791_A	0.219237073144328	0.0359074401046879	0.0668573107484596	0.984923852582454
NK	GSTZ1	14:78059980_C	0.216322503086329	0.043074214433476	-0.0303831525034333	1
NK	YY1	14:101582019_T	0.215760368580314	0.0449430017043309	-0.0588815693882984	0.988983333893027
NK	OXA1L	14:23964646_G	0.215303121903857	0.0465917469745354	-0.0103693416881904	1
NK_CD56bright	OAS3	12:113348661_T	-0.260896399484634	0.0312118776733101	0.0099765532953476	1
NK_CD56bright	SMIM11	21:36122025_T	0.251284866245598	0.0105339038143811	-0.0189142802765356	1
NK_CD56bright	POLR2J2	7:103137344_T	0.273477750587086	0.0451715188839941	0.0146415506860827	1
NK_CD56bright	RCSD1	1:167670439_T	0.262684238889391	0.0467143866852751	0.0803683686852044	0.973411525316143
NK_CD56bright	JADE2	5:133191597_C	0.258365189867641	0.0200892100721894	-0.00606380480889052	1
NK_CD56bright	MRPS30	5:45533464_G	-0.25867229679131	0.0200892100721894	-0.0214236233410693	1
NK_Proliferating	RAN	12:130701799_A	-0.329556213683988	0.0241921208378296	0.0069265461849423	1
NK_Proliferating	RMI2	16:11350965_A	0.328657919549028	0.00360248206958877	0.221967828279622	1
Plasmablast	MRRF	9:124912908_A	0.362199901852657	0.0146245513204746	-0.00646169747801815	1
Plasmablast	UBAP2L	1:153295136_G	0.364244693790052	0.0146580306989845	-0.0616405796278107	1
